"DATA_ATUALIZACAO";"CNPJ";"SIGLA_AGENTE";"URL_FATOR_ALAVANCAGEM"
"13/12/2023";"20533310000189";ITAREMA VIII;https://simpleenergy.com.br/fator-de-alavancagem/
"17/11/2023";"35865644000127";VENTOS DE SANTA JACINTA;https://casadosventos.com.br/monitoramento-prudencial
"17/11/2023";"22141909000100";CPFL BRASIL VAREJISTA;https://cpflsolucoes.com.br/transparencia/
"19/11/2024";"14095035000166";EOL BRISA;https://www.aurenenergia.com.br/
"17/11/2023";"23037422000137";VENTOS DE SAO CAIO;https://www.aurenenergia.com.br/
"01/04/2024";"42416651000107";NEXA;https://www.nexaresources.com/monitoramento-prudencial/
"22/08/2025";"31469550000188";PEREIRA BARRETO I;https://www.edp.com/pt-br/america-do-sul/brasil/o-que-fazemos/geracao-energia/fator-de-alavancagem
"07/12/2023";"07903169000109";UTE ANGELICA PIE;https://adecoagro-my.sharepoint.com/:f:/p/pfiordelice/EmK2pCQPSqlGoVE5JaApKi4BHKragYaZ3Iu19LIJD39adA?e=gKAejy
"17/11/2023";"37028928000194";MERCATTO COM;https://www.mercattoenergia.com.br/Comercializacao-de-Energia
"10/11/2023";"31562321000103";ARTEMIS COM;https://safiraenergia.com.br/monitoramento-prudencia
"04/03/2024";"26215280000149";CSI C;https://recurrentenergy.com/compliance/brazil/
"17/11/2023";"23414549000128";NOVA OLINDA C;https://cgnbe.com.br/fator-de-alavancagem/
"17/11/2023";"29854266000183";BISMUT COM;https://matrixenergia.com/fator-de-alavancagem
"15/02/2024";"15313113000114";EOL CAICARA II;https://www.voltalia.com/pt-pt/comercializadora
"01/12/2023";"43913162000123";ENBPAR;https://enbpar.gov.br/areas-de-atuacao/comercializacao-de-energia/
"23/11/2023";"14555633000170";BEP;https://bepenergia.com.br/
"17/11/2023";"12774042000169";VENTO FORMOSO;https://www.echoenergia.com.br/monitoramento-prudencial-rs567
"17/11/2023";"08768414000177";EAPSA;https://www.neoenergia.com/web/produtos-e-solucoes/fator-de-alavancagem
"17/11/2023";"03573381000196";TANGARA;https://www.elera.com/transparencia/
"16/11/2023";"10883378000134";CPFL PEDRA CHEIROSA;https://www.grupocpfl.com.br/unidades-de-negocios/fator-alavancagem
"09/11/2023";"12960082000103";BRITE;https://ibituenergia.com/ccee/
"09/11/2023";"11476958000170";COLONIA;https://ibituenergia.com/ccee/
"09/11/2023";"15253315000118";VENTOS VI;https://www.brasilventos.com.br/monitoramentoprudencial
"17/11/2023";"40477253000175";SOLAR SAO JOAO II;https://www.comerc.com.br/geracao-renovavel/geracao-centralizada
"17/11/2023";"37380661000108";JANAUBA XIV;https://www.elera.com/transparencia/
"01/12/2023";"17635277000193";METALSIDER;https://www.metalsider.com.br/
"19/11/2024";"00194724000113";AUREN OPERACOES;https://www.aurenenergia.com.br/
"17/11/2023";"37381180000109";JANAUBA IX;https://www.elera.com/transparencia/
"17/11/2023";"31627849000113";AMBAR COMERCIALIZADORA;https://portal.ambarenergia.com.br/pages/login.jsp
"16/11/2023";"10797907000187";CPFL SANTA CLARA IV;https://www.grupocpfl.com.br/unidades-de-negocios/fator-alavancagem
"16/11/2023";"10797889000133";CPFL CAMPOS DOS VENTOS II;https://www.grupocpfl.com.br/unidades-de-negocios/fator-alavancagem
"21/03/2025";"12278190000192";CGH DALBA;https://www.ccee.org.br/web/guest/fator-de-alavancagem
"17/11/2023";"29340729000199";SKOPOS ENERGIA;https://www.skoposenergia.com.br/ccee
"16/11/2023";"10797905000198";CPFL EURUS VI;https://www.grupocpfl.com.br/unidades-de-negocios/fator-alavancagem
"17/11/2023";"21909246000150";PEDRA RAJADA;https://www.echoenergia.com.br/monitoramento-prudencial-rs567
"17/11/2023";"04462976000137";IBS-ENERGY;https://www.ibs-energy.com.br/
"22/11/2024";"21553640000107";EOL DELFINA D;https://enelcomercializadora.com.br/pt/quem-somos
"12/01/2024";"11599292000147";CAPITALE;https://capitaleenergia.com.br/mercado-livre/
"19/01/2024";"40800108000183";SIAO ENERGIA;https://sionenergia.com.br/fator-alavancagem/
"21/11/2023";"35198460000150";CASA BLANCA COM;https://www.atlasrenewableenergy.com/pt-br/
"17/11/2023";"08323274000123";COPREL GERACAO;https://www.coprel.com.br/geracao-de-energia
"17/11/2023";"22552934000179";CANOAS3;https://www.neoenergia.com/web/produtos-e-solucoes/fator-de-alavancagem
"17/11/2023";"36205095000127";SDM UFV III;https://www.brasil.qair.energy/projetos/ceara/serradomato/fator-de-alavancagem-sdm/
"16/11/2023";"10797908000121";CPFL SANTA CLARA II;https://www.grupocpfl.com.br/unidades-de-negocios/fator-alavancagem
"17/11/2023";"21877685000129";VENTOS DE SAO CASIMIRO;https://www.aurenenergia.com.br/
"19/12/2023";"04149295000113";EDP C;https://empresas.edp.com.br/divulgacao-do-fator-de-alavancagem-ccee/
"22/11/2024";"29298803000156";EGP SAO GONCALO 5;https://enelcomercializadora.com.br/pt/quem-somos
"11/01/2024";"05515009000159";IBIRAMA;https://www.brennandenergia.com.br/transparencia/fator-de-alavancagem/
"19/11/2024";"17875184000136";VENTOS DE SANTA BRIGIDA III;https://www.aurenenergia.com.br/
"21/11/2024";"29152742000114";LXC ENERGIA;https://www.luxenergia.com.br/
"15/02/2024";"34327393000164";EOL POTIGUAR B31;https://www.voltalia.com/pt-pt/comercializadora
"16/02/2024";"42066826000101";MARANGATU 4;https://www.spicbrasil.com.br/mercado-livre-de-energia/
"17/11/2023";"40224338000141";GERADORA HELIO VALGAS IV;https://www.comerc.com.br/geracao-renovavel/geracao-centralizada
"22/11/2023";"17141651000102";NEXTCOM;https://zxenergia.com.br/
"12/01/2024";"09194393000196";EOL MACAUBAS;https://www.statkraft.com.br/relacoes-com-investidores/servicos-aos-investidores/fator-de-alavancagem/
"08/12/2023";"33664228000135";BARRALCOOL;https://barralcool.com.br/areas-de-atuacao/energia/monitoramento-prudencial-ccee
"17/11/2023";"22686342000140";MACHADINHO PART;
"16/11/2023";"09665352000130";CPFL FIGUEIRA BRANCA;https://www.grupocpfl.com.br/unidades-de-negocios/fator-alavancagem
"23/11/2023";"24285911000170";CEMIG GERA ITUTINGA CONV;https://www.cemig.com.br/monitoramento-prudencial/
"07/08/2025";"24554723000109";SOL DO FUTURO III;https://www.engie.com.br/atividades/comercializacao-de-energia/
"22/11/2023";"13687183000298";RAIZEN CS COM;https://energia.raizen.com.br/mercado-livre
"26/01/2024";"12300288000107";NESA;https://www.norteenergiasa.com.br/mercado-livre-de-energia
"22/11/2023";"18788137000118";BIO BARRA;https://energia.raizen.com.br/mercado-livre
"04/03/2024";"35911733000162";UFV CIRANDA 2;https://recurrentenergy.com/compliance/brazil/
"29/11/2023";"03299819000190";QGE;https://simpleenergy.com.br/fator-de-alavancagem/
"15/12/2023";"41251112000100";UFV JAÍBA L1;https://www.aurenenergia.com.br/
"09/11/2023";"08624273000119";EOLOS-IG;https://ibituenergia.com/ccee/
"15/12/2023";"37995424000143";UFV JAÍBA CS;https://www.aurenenergia.com.br/
"09/02/2024";"04370282000170";COPEL GET;https://copelmercadolivre.com/monitoramento-prudencial/
"13/12/2023";"24325076000155";SERRA BABILONIA VII;https://simpleenergy.com.br/fator-de-alavancagem/
"17/11/2023";"08995894000109";PF ENERGIA;https://docs.google.com/spreadsheets/d/e/2PACX-1vQPw9AkiwLACn4m9BwL6jk6D0PETvdBaWr439rzJgcqRcmFVHXdImquksqpPTcCvwHwPt-31F106c8z/pubhtml
"16/11/2023";"12963869000110";CPFL ATLANTICA II;https://www.grupocpfl.com.br/unidades-de-negocios/fator-alavancagem
"22/11/2024";"29618787000131";EGP SAO GONCALO 8;https://enelcomercializadora.com.br/pt/quem-somos
"15/03/2024";"09185485000100";ENEVA COM;https://eneva.com.br/monitoramento-prudencial/
"10/11/2023";"00981411000105";SPF;https://www.naoseaplica.com.br
"17/11/2023";"21013833000167";SAO CLEMENTE VII;https://www.echoenergia.com.br/monitoramento-prudencial-rs567
"21/02/2024";"14796754000104";BTG PACTUAL COMMODITIES;https://www.btgpactual.com/investment-banking/sales-and-trading/comercializacao-de-energia
"17/11/2023";"05980986000127";BPBIOENERGY SJU;http://bpbunge.com.br
"17/11/2023";"14827148000109";TERMO INTERLAGOS;https://site.usinasantaadelia.com.br/
"19/11/2024";"11197321000144";UEE ESPIGAO;https://www.aurenenergia.com.br/
"17/11/2023";"12848783000147";GESTAMP SERIDO;https://www.echoenergia.com.br/monitoramento-prudencial-rs567
"17/11/2023";"21480328000122";VENTOS DE SANTO ONOFRE IV;https://www.aurenenergia.com.br/
"09/02/2024";"12723335000117";FAROL;https://copelmercadolivre.com/monitoramento-prudencial/
"30/11/2023";"12623165000107";"00_VPCOM";http://www.gruposerveng.com.br/alavancagem
"22/11/2023";"09538989000166";CAARAPO PR;https://energia.raizen.com.br/mercado-livre
"22/11/2024";"25174579000130";EGP SANTA ANGELA 01;https://enelcomercializadora.com.br/pt/quem-somos
"03/10/2025";"17200920000156";EECC;https://www.engie.com.br/atividades/comercializacao-de-energia/
"13/12/2023";"29527877000117";SERRA BABILONIA B;https://simpleenergy.com.br/fator-de-alavancagem/
"17/11/2023";"02460988000105";UTE GOIANESIA;http://www.usinagoianesia.com.br/index2.html
"22/11/2024";"12851951000153";EGPSJE;https://enelcomercializadora.com.br/pt/quem-somos
"02/12/2024";"26986376000100";PIRA SPE;https://partnerenergy.com.br/gestao-de-usinas-e-geradores/
"17/11/2023";"10772867000119";CVER CONV;https://casadosventos.com.br/monitoramento-prudencial
"19/11/2024";"26203837000121";TIETE INTEGRA;https://www.aurenenergia.com.br/
"22/11/2024";"23842003000178";ENEL PARANAPANEMA CONV;https://enelcomercializadora.com.br/pt/quem-somos
"17/11/2023";"13787764000110";DELTA GERACAO PIE;https://www.deltaenergia.com.br/
"21/11/2024";"28397998000129";LUX;https://www.luxenergia.com.br/
"22/11/2024";"31216014000170";EGP CUMARU 03;https://enelcomercializadora.com.br/pt/quem-somos
"24/03/2025";"25319200000132";HUMAITA COM;https://simpleenergy.com.br/fator-de-alavancagem/
"15/02/2024";"20318810000106";EOL VILA PARA II;https://www.voltalia.com/pt-pt/comercializadora
"17/11/2023";"05553456000100";BPBIOENERGY OUR;http://bpbunge.com.br
"30/11/2023";"05252008000169";RVESA;https://ri.ctgbr.com.br/governanca-corporativa/monitoramento-prudencial/
"17/11/2023";"35865651000129";VENTOS DE SAO LEAO I;https://casadosventos.com.br/monitoramento-prudencial
"19/11/2024";"22010973000144";GUAIMBE V;https://www.aurenenergia.com.br/
"17/11/2023";"23037375000121";VENTOS DE SAO CRISPIM I;https://www.aurenenergia.com.br/
"19/11/2024";"19022138000110";VENTOS DE SANTO ONOFRE I;https://www.aurenenergia.com.br/
"17/11/2023";"12774017000185";MORRO CHAPEU;https://www.echoenergia.com.br/monitoramento-prudencial-rs567
"16/11/2023";"12053657000104";CPFL SAO BENEDITO;https://www.grupocpfl.com.br/unidades-de-negocios/fator-alavancagem
"17/11/2023";"34211291000189";OITIS 9 I50;https://www.neoenergia.com/web/produtos-e-solucoes/fator-de-alavancagem
"09/02/2024";"14583703000102";DESA URIEL;https://copelmercadolivre.com/monitoramento-prudencial/
"17/11/2023";"37877696000149";COPERNICO;https://www.copernicocomercializadora.com.br/
"16/11/2023";"27317546000127";ANCORA;https://brggeradores.com.br/mercadolivre
"17/11/2023";"42740770000110";VENTOS DE SANTA ANA;https://casadosventos.com.br/monitoramento-prudencial
"17/11/2023";"23037528000130";VENTOS DE SANTO ALDERICO;https://www.aurenenergia.com.br/
"22/08/2025";"41813115000182";MONTE VERDE SOLAR III I5 PIE;https://www.edp.com/pt-br/america-do-sul/brasil/o-que-fazemos/geracao-energia/fator-de-alavancagem
"17/11/2023";"30061007000184";CHAFARIZ4;https://www.neoenergia.com/web/produtos-e-solucoes/fator-de-alavancagem
"07/08/2025";"24069089000100";UFV SAO PEDRO IV;https://www.engie.com.br/atividades/comercializacao-de-energia/
"17/11/2023";"11151033000159";VERDE 4;https://www.elera.com/transparencia/
"16/11/2023";"14570861000110";CAITITU;https://app.powerbi.com/view?r=eyJrIjoiNTZmOWQ0YTUtM2FkNC00MzcyLWI2NTctMTZlZGUyZWYxMWI0IiwidCI6IjcxZTE0OTYwLWRkMzEtNDQ2NS1iMmYyLTU2YWJhZGZiMTAwOCJ9
"17/11/2023";"24222394000190";BIOENERGETICA BOA VISTA;https://www.saomartinho.com.br/Default.aspx?linguagem=pt
"09/02/2024";"75875773000110";FARINHA PINDUCA;https://copelmercadolivre.com/monitoramento-prudencial/
"10/11/2023";"10938805000134";SAFIRA TRADING;https://safiraenergia.com.br/monitoramento-prudencia
"24/11/2023";"07727966000174";SEFAC;https://sefac.com.br/empresa/monitoramento-prudencial/
"17/11/2023";"21013854000182";SAO CLEMENTE IV;https://www.echoenergia.com.br/monitoramento-prudencial-rs567
"17/11/2023";"34475373000130";XP COMERCIALIZADORA;https://www.xpempresas.com.br/comercializadora-de-energia/
"11/01/2024";"10359788000180";BE COM;https://www.brennandenergia.com.br/transparencia/fator-de-alavancagem/
"17/11/2023";"08274591000105";GERACAO CIII;https://www.neoenergia.com/web/produtos-e-solucoes/fator-de-alavancagem
"16/11/2023";"01105558000102";UTE WD;http://grupodetoni.com.br/fator-de-alavancagem/
"28/12/2023";"20439581000170";LIBERDADE;http://enermerco.com.br/category/fator-de-alavancagem/
"21/11/2023";"10202852000468";KROMA PA;https://kromaenergia.com.br/solucoes
"22/08/2025";"31199598000113";MONTE VERDE IV;https://www.edp.com/pt-br/america-do-sul/brasil/o-que-fazemos/geracao-energia/fator-de-alavancagem
"22/11/2024";"29616244000185";EGP SANTA ESPERANCA 25;https://enelcomercializadora.com.br/pt/quem-somos
"22/12/2023";"06900697000133";CANAA;https://www.electrapower.com.br/monitoramento.php
"17/11/2023";"15673911000157";VENTOS STO AUGUSTO II;https://www.aurenenergia.com.br/
"02/02/2024";"44497351000125";UTE PAULINIA VERDE;https://mercuriopartners.com.br/fator-de-alavancagem/
"22/11/2023";"25201024000130";RAIZEN BIOGAS;https://energia.raizen.com.br/mercado-livre
"16/11/2023";"09665446000100";CPFL JUREMAS;https://www.grupocpfl.com.br/unidades-de-negocios/fator-alavancagem
"22/11/2024";"29579025000173";EGP SANTA ANGELA 17;https://enelcomercializadora.com.br/pt/quem-somos
"19/01/2024";"23473053000125";FCE ENERGIA;https://fcecomercializadora.com.br/quem-somos/
"16/11/2023";"14572367000194";INHAMBU;https://app.powerbi.com/view?r=eyJrIjoiNTZmOWQ0YTUtM2FkNC00MzcyLWI2NTctMTZlZGUyZWYxMWI0IiwidCI6IjcxZTE0OTYwLWRkMzEtNDQ2NS1iMmYyLTU2YWJhZGZiMTAwOCJ9
"30/11/2023";"11316814000156";RCESA;https://ri.ctgbr.com.br/governanca-corporativa/monitoramento-prudencial/
"09/11/2023";"12960071000115";BOREAS;https://ibituenergia.com/ccee/
"21/11/2023";"10202852000115";KROMA;https://kromaenergia.com.br/solucoes
"03/10/2025";"09541336000136";IBITIUVA;
"16/11/2023";"48708267001560";NARDINI APORE I5;https://www.nardini.ind.br
"02/02/2024";"37543601000150";PNF;https://mercuriopartners.com.br/fator-de-alavancagem/
"17/11/2023";"42740818000190";VENTOS DE SANTA SABINA;https://casadosventos.com.br/monitoramento-prudencial
"19/11/2024";"36951946000180";VENTOS DE SANTA TEREZA 03;https://www.aurenenergia.com.br/
"22/11/2024";"36051519000146";EGP VENTOS SAO ROQUE 05;https://enelcomercializadora.com.br/pt/quem-somos
"17/11/2023";"34832369000182";UNITED;https://unitedenergy.com.br/financeiro
"19/11/2024";"12049829000168";UEE MORRAO;https://www.aurenenergia.com.br/
"19/11/2024";"37020270000174";VENTOS DE SANTA TEREZA12;https://www.aurenenergia.com.br/
"16/11/2023";"13338734000127";RBE ENERGIA;https://www.rbenergia.com.br/comercializacao-de-energia/
"17/11/2023";"30321883000100";VLPI 1;https://www.echoenergia.com.br/monitoramento-prudencial-rs567
"13/12/2023";"30062736000155";SERRA BABILONIA E;https://simpleenergy.com.br/fator-de-alavancagem/
"22/11/2023";"36537518000106";MEZ ENERGIA;https://mezenergia.com/comercializacao/
"17/11/2023";"31932088000103";ECHOENERGIA;https://www.echoenergia.com.br/monitoramento-prudencial-rs567
"17/11/2023";"09110880000123";GERANORTE;http://www.geramaranhao.com.br/
"13/12/2023";"20533377000113";ITAREMA IX;https://simpleenergy.com.br/fator-de-alavancagem/
"17/11/2023";"42745750000132";VENTOS DE SANTA BALBINA;https://casadosventos.com.br/monitoramento-prudencial
"17/11/2023";"32398682000129";EOL SERROTE_III;https://www.brasil.qair.energy/projetos/ceara/complexo-ser/fator-de-alavancagem-ser/
"17/11/2023";"15674836000149";VENTOS STO ESTEVAO III;https://www.aurenenergia.com.br/
"21/12/2023";"45991741000110";SOL DE CRISTOVAO M II;https://scatec.com/locations/brazil/#mendubim-brazil-530-mw
"17/11/2023";"15673881000189";VENTOS STO AUGUSTO VII;https://www.aurenenergia.com.br/
"22/11/2024";"41983083000163";EGP PEDRA PINTADA D;https://enelcomercializadora.com.br/pt/quem-somos
"15/02/2024";"24061085000186";EOL ACRE I;https://www.voltalia.com/pt-pt/comercializadora
"17/11/2023";"35552880000193";VOLTERA ENERGIA;https://voltera.com.br/
"24/11/2023";"75717355000871";USA TERRARICA1;https://www.usacucar.com.br/
"09/02/2024";"76484013000145";SANEPAR;https://copelmercadolivre.com/monitoramento-prudencial/
"17/11/2023";"07398533000112";BPBIOENERGY GUA;http://bpbunge.com.br
"17/11/2023";"29492546000199";ANEMUS WIND 2;https://2wecobank.com.br/fator-de-alavancagem/
"22/11/2023";"09439128000120";CEP;https://globalparticipacoesenergia.com.br/
"16/11/2023";"09119054000145";CPFL VARGINHA;https://www.grupocpfl.com.br/unidades-de-negocios/fator-alavancagem
"21/11/2023";"17846141000122";CLWP XII PIE NESP;https://www.engie.com.br/atividades/comercializacao-de-energia/
"21/11/2023";"05210535000100";LAGES BIOENERG;https://www.engie.com.br/atividades/comercializacao-de-energia/
"22/11/2024";"29722095000139";EGP SANTA ANGELA 12;https://enelcomercializadora.com.br/pt/quem-somos
"17/11/2023";"21951750000119";LAGOA DO BARRO III;https://cgnbe.com.br/fator-de-alavancagem/
"21/12/2023";"45991972000123";SOL DE TOUROS M VI;https://scatec.com/locations/brazil/#mendubim-brazil-530-mw
"15/03/2024";"04423567000121";ENEVA;https://eneva.com.br/monitoramento-prudencial/
"09/02/2024";"21957870000123";EOL GUAJIRU;https://copelmercadolivre.com/monitoramento-prudencial/
"22/11/2024";"29298774000122";EGP SAO GONCALO 3;https://enelcomercializadora.com.br/pt/quem-somos
"22/11/2024";"29616957000149";EGP SANTA ANGELA 09;https://enelcomercializadora.com.br/pt/quem-somos
"17/11/2023";"46017588000197";C CL HIPICA CAMPINAS;https://www.aurenenergia.com.br/
"21/11/2023";"33489514000101";JUAZEIRO COM;https://www.atlasrenewableenergy.com/pt-br/
"09/11/2023";"15253373000141";VENTOS IX;https://www.brasilventos.com.br/monitoramentoprudencial
"16/11/2023";"03543379000417";VETORIAL RIBAS DO RIO PARDO;http://www.vetorial.com.br
"17/11/2023";"34238239000116";OITIS 3 I50;https://www.neoenergia.com/web/produtos-e-solucoes/fator-de-alavancagem
"17/11/2023";"27895762000150";CASALITE;
"09/02/2024";"10931741000140";ARIAM;https://copelmercadolivre.com/monitoramento-prudencial/
"10/11/2023";"21587696000174";USIPAR IND;https://www.naoseaplica.com.br
"13/12/2023";"24263070000109";SERRA BABILONIA XI;https://simpleenergy.com.br/fator-de-alavancagem/
"24/11/2023";"42311687000126";ENGEFORM COM;https://pecenergia.sharepoint.com/:f:/r/sites/Externo/Engeform%20Energia/Fator%20de%20Alavancagem?csf=1&web=1&e=mjATnz
"17/11/2023";"32431510000100";GERADORA HELIO VALGAS III;https://www.comerc.com.br/geracao-renovavel/geracao-centralizada
"23/11/2023";"17155730000164";CEMIG H COMERCIALIZACAO;https://www.cemig.com.br/monitoramento-prudencial/
"15/03/2024";"23758522000152";CELSE;https://eneva.com.br/monitoramento-prudencial/
"23/11/2023";"32185360000100";URCA;https://urcatrading.com/fator-de-alavancagem-do-grupo-urca-energia/
"17/11/2023";"37381244000171";JANAUBA XVII;https://www.elera.com/transparencia/
"07/11/2023";"13394073000157";NOVATRADE;https://materiais.novaenergia.com.br/wp-content/uploads/2023/11/Nova-Trading.pdf
"17/11/2023";"08252113000196";SUCUPIRA;https://paineirapar.com.br/ccee-fa/
"17/11/2023";"12159338000170";CALANGO 5;https://www.neoenergia.com/web/produtos-e-solucoes/fator-de-alavancagem
"15/02/2024";"34327417000185";EOL POTIGUAR B33;https://www.voltalia.com/pt-pt/comercializadora
"21/11/2023";"44680772000197";BOA SORTE COM;https://www.atlasrenewableenergy.com/pt-br/
"09/02/2024";"76498179000110";ELETROFRIO;https://copelmercadolivre.com/monitoramento-prudencial/
"16/11/2023";"19537471000161";USANGELO;https://www.usangelo.com.br/produto/energia-eletrica
"09/02/2024";"42632288000167";SAIM MASTERP;https://copelmercadolivre.com/monitoramento-prudencial/
"02/02/2024";"29362082000104";MERCURIO TRADING;https://mercuriopartners.com.br/fator-de-alavancagem/
"22/08/2025";"47034077000146";SERRA DA BORBOREMA I;https://www.edp.com/pt-br/america-do-sul/brasil/o-que-fazemos/geracao-energia/fator-de-alavancagem
"16/11/2023";"20557422000170";LIBRA ENERGIA;https://politicas-libra-site.s3.amazonaws.com/fator_alavancagem_libra_energia.pdf
"17/11/2023";"37381730000190";JANAUBA XII;https://www.elera.com/transparencia/
"17/11/2023";"11738349000141";SANTO INACIO IV;https://ri.aliancaenergia.com.br/alianca/monitoramento-prudencial-ccee/
"17/11/2023";"08195806000194";BPBIOENERGY TRP;http://bpbunge.com.br
"15/02/2024";"15313187000150";EOL JUNCO II;https://www.voltalia.com/pt-pt/comercializadora
"15/12/2023";"37995485000100";UFV JAÍBA NE3;https://www.aurenenergia.com.br/
"18/04/2024";"00372496000124";UTE CEVASA;https://www.cevasa.com.br/
"17/11/2023";"35865623000101";VENTOS DE SANTA JUSTINA;https://casadosventos.com.br/monitoramento-prudencial
"19/11/2024";"24302787000104";BOA HORA 2;https://www.aurenenergia.com.br/
"19/11/2024";"37053489000170";VENTOS DE SAO RICARDO 01;https://www.aurenenergia.com.br/
"17/11/2023";"25318508000163";ELERAGESTAO;https://www.elera.com/transparencia/
"19/11/2024";"36957804000120";VENTOS DE SANTA TEREZA 14;https://www.aurenenergia.com.br/
"22/11/2024";"02131646000133";SOCIBE;https://enelcomercializadora.com.br/pt/quem-somos
"17/11/2023";"11251784000147";GAMA;https://www.ibs-energy.com.br/
"21/11/2023";"14023604000249";BIDCOM;https://bidenergy.com.br/index.html
"01/12/2023";"23357072000196";PATENSE PIE;https://patense.com.br/
"17/11/2023";"15355380000154";ENERPLAN IV;https://www.elera.com/transparencia/
"19/11/2024";"21983147000119";GUAIMBE IV;https://www.aurenenergia.com.br/
"17/11/2023";"19869355000140";STA VITORIA PALMAR I;https://cgnbe.com.br/fator-de-alavancagem/
"16/11/2023";"10797910000109";CPFL SANTA CLARA III;https://www.grupocpfl.com.br/unidades-de-negocios/fator-alavancagem
"22/08/2025";"41813062000108";MONTE VERDE SOLAR V APE I5;https://www.edp.com/pt-br/america-do-sul/brasil/o-que-fazemos/geracao-energia/fator-de-alavancagem
"17/11/2023";"13459301000120";SOLENERGIAS;https://www.echoenergia.com.br/monitoramento-prudencial-rs567
"17/11/2023";"31233530000103";ATHENA COMERCIALIZADORA;https://athenaenergia.com.br/
"19/11/2024";"36952033000189";VENTOS DE SANTA TEREZA 02;https://www.aurenenergia.com.br/
"09/11/2023";"11820864000176";IBITU COM;https://ibituenergia.com/ccee/
"17/11/2023";"12773953000171";TIANGUA NORTE;https://www.echoenergia.com.br/monitoramento-prudencial-rs567
"22/08/2025";"14496492000162";EOL BAIXA I;https://www.edp.com/pt-br/america-do-sul/brasil/o-que-fazemos/geracao-energia/fator-de-alavancagem
"17/11/2023";"12684715000190";GESTAMP;https://www.echoenergia.com.br/monitoramento-prudencial-rs567
"13/12/2023";"19560032000170";ITAREMA I;https://simpleenergy.com.br/fator-de-alavancagem/
"13/12/2023";"20533879000144";ITAREMA VI;https://simpleenergy.com.br/fator-de-alavancagem/
"17/11/2023";"17431261000169";BETA ENERGIA;https://www.deltaenergia.com.br/
"09/02/2024";"21216915000109";EOL SAO MIGUEL I;https://copelmercadolivre.com/monitoramento-prudencial/
"04/04/2024";"46373655000106";NEXA ENERGY;https://www.nexaresources.com/monitoramento-prudencial/
"22/11/2024";"25289292000155";EGP SANTA ANGELA 05;https://enelcomercializadora.com.br/pt/quem-somos
"22/11/2024";"04946784000104";ALVORADA;https://enelcomercializadora.com.br/pt/quem-somos
"15/02/2024";"29498486000111";VENTOS DE VILA CEARA I;https://www.voltalia.com/pt-pt/comercializadora
"24/11/2023";"22193319000113";ESV VII;https://pecenergia.sharepoint.com/:f:/r/sites/Externo/Engeform%20Energia/Fator%20de%20Alavancagem?csf=1&web=1&e=mjATnz
"24/11/2023";"15054480000140";MEGA;https://megace.com.br/informacoes/
"07/08/2025";"45175982000190";UFV ASSU SOL 9 PIE;https://www.engie.com.br/atividades/comercializacao-de-energia/
"24/11/2023";"05242560000176";USVERTENTE;https://br.tereos.com/pt-pt/sobreatereos/financas/annual-report/
"17/11/2023";"36686315000181";COLOMBO UTE 2;http://www.colomboagroindustria.com.br
"22/11/2024";"25289277000107";EGP SANTA ANGELA 03;https://enelcomercializadora.com.br/pt/quem-somos
"09/02/2024";"02468496000158";BATERIAS JUPITER;https://copelmercadolivre.com/monitoramento-prudencial/
"17/11/2023";"11199567000155";CINERGY COM;https://matrixenergia.com/fator-de-alavancagem
"22/11/2024";"31596421000150";EGP VENTOS SAO ROQUE 19;https://enelcomercializadora.com.br/pt/quem-somos
"17/11/2023";"06976406000190";LAVRINHAS I5;https://ri.alupar.com.br/outras-informacoes/central-de-downloads/
"17/11/2023";"40221051000168";GERADORA SOLAR CASTILHO;https://www.comerc.com.br/geracao-renovavel/geracao-centralizada
"17/11/2023";"12107047000138";CALANGO 2;https://www.neoenergia.com/web/produtos-e-solucoes/fator-de-alavancagem
"30/11/2023";"50673044000150";VIDA ENERGIA;https://vidaenergialivre.com.br/index.php/monitoramento-prudencial/
"21/03/2025";"20121332000131";TRES LEOES;https://www.ccee.org.br/web/guest/fator-de-alavancagem
"22/11/2024";"42625910000100";EGP ARINOS 13;https://enelcomercializadora.com.br/pt/quem-somos
"17/11/2023";"17077752000153";TRINITY ENERGIA;https://www.trinityenergia.com.br/
"09/02/2024";"31004703000111";VILA MARANHAO II;https://copelmercadolivre.com/monitoramento-prudencial/
"17/11/2023";"23049225000138";CRISTALANDIA II;https://cgnbe.com.br/fator-de-alavancagem/
"20/11/2023";"08703867000115";CRAVARI;https://app.powerbi.com/view?r=eyJrIjoiMmI5NGZlMzQtZGMwOC00NzJjLWJlMGYtOWQ2NjY5MzFhNmU0IiwidCI6IjcxZTE0OTYwLWRkMzEtNDQ2NS1iMmYyLTU2YWJhZGZiMTAwOCJ9
"16/11/2023";"05441551000104";CPFL SUL CENTRAIS;https://www.grupocpfl.com.br/unidades-de-negocios/fator-alavancagem
"12/01/2024";"04785914000166";CPFL MERIDION;https://cpflsolucoes.com.br/transparencia/
"16/11/2023";"09009132000159";SZO GERACAO;http://www.grupockl.com.br/index.html
"19/11/2024";"36957856000105";VENTOS DE SAO RICARDO 10;https://www.aurenenergia.com.br/
"24/11/2023";"18127269000107";SDV I;https://pecenergia.sharepoint.com/:f:/r/sites/Externo/Engeform%20Energia/Fator%20de%20Alavancagem?csf=1&web=1&e=mjATnz
"15/03/2024";"33470953000172";FC FOUR;https://eneva.com.br/monitoramento-prudencial/
"12/07/2024";"09391823000160";SANTO ANTONIO;https://santoantonioenergia.com.br/fator-de-alavancagem/
"08/12/2023";"42078612000147";PANATI 5;https://www.spicbrasil.com.br/mercado-livre-de-energia/
"17/11/2023";"30902608000172";EVO ENERGIA;https://evoenergia.com.br/quem-somos/
"17/11/2023";"40112904000123";ARETE ENERGIA;https://www.skoposenergia.com.br/ccee
"09/02/2024";"21216857000113";EOL SAO BENTO DO NORTE III;https://copelmercadolivre.com/monitoramento-prudencial/
"22/11/2024";"25174955000196";EGP DELFINA 8;https://enelcomercializadora.com.br/pt/quem-somos
"09/11/2023";"10656525000133";EOLOS-PAL;https://ibituenergia.com/ccee/
"07/08/2025";"24068977000109";UFV SAO PEDRO II;https://www.engie.com.br/atividades/comercializacao-de-energia/
"07/08/2025";"45181378000177";UFV ASSU SOL 7 PIE;https://www.engie.com.br/atividades/comercializacao-de-energia/
"24/03/2025";"03100114000100";CITROSUCO ARMAZEM SANTOS;https://www.aurenenergia.com.br/
"07/12/2023";"31897236000104";EVOLUTION ENERGIA;https://www.evolutionenergia.com.br/fator-de-alavancagem
"27/11/2023";"35788176000134";ROMA COM;https://simpleenergy.com.br/fator-de-alavancagem/
"22/08/2025";"41824539000142";NOVO ORIENTE SOLAR V;https://www.edp.com/pt-br/america-do-sul/brasil/o-que-fazemos/geracao-energia/fator-de-alavancagem
"22/11/2024";"14512809000107";EGP MODELO I;https://enelcomercializadora.com.br/pt/quem-somos
"21/11/2023";"28925264000175";UHE JAGUARA;https://www.engie.com.br/atividades/comercializacao-de-energia/
"22/11/2024";"31595857000125";EGP VENTOS SAO ROQUE 16;https://enelcomercializadora.com.br/pt/quem-somos
"17/11/2023";"04677733000116";ZONA DA MATA;https://www.elera.com/transparencia/
"17/11/2023";"60933603000178";CESP;https://www.aurenenergia.com.br/
"10/11/2023";"08215996000164";SAO SIMAO;https://partnerservices.com.br/gestao-de-usinas-e-geradores/
"22/08/2025";"47027381000166";ITA I I5;https://www.edp.com/pt-br/america-do-sul/brasil/o-que-fazemos/geracao-energia/fator-de-alavancagem
"17/11/2023";"07455944000100";BPBIOENERGY FRU CL;http://bpbunge.com.br
"21/12/2023";"45992261000173";SOL DE BARRA DO C M XII;https://scatec.com/locations/brazil/#mendubim-brazil-530-mw
"17/11/2023";"19891491000136";STA VITORIA PALMAR IX;https://cgnbe.com.br/fator-de-alavancagem/
"11/01/2024";"06941602000120";GRACA I5;https://www.brennandinvestimentos.com.br/transparencia/fator-de-alavancagem/
"10/11/2023";"11482752000152";SAFIRA VAREJO;https://safiraenergia.com.br/monitoramento-prudencia
"17/11/2023";"34805807000113";MILAGRES I;https://lightsourcebp.com/br/
"17/11/2023";"35998612000108";MERX;https://merxenergia.com.br/
"17/11/2023";"34211419000104";OITIS 21 I50;https://www.neoenergia.com/web/produtos-e-solucoes/fator-de-alavancagem
"22/08/2025";"47034214000142";SDO I I5;https://www.edp.com/pt-br/america-do-sul/brasil/o-que-fazemos/geracao-energia/fator-de-alavancagem
"09/02/2024";"40727874000160";FRIGORIFICO FRIELLA;https://copelmercadolivre.com/monitoramento-prudencial/
"17/11/2023";"12106962000109";CALANGO 3;https://www.neoenergia.com/web/produtos-e-solucoes/fator-de-alavancagem
"21/03/2025";"11282430000160";COOPERZEM;https://www.ccee.org.br/web/guest/fator-de-alavancagem
"09/02/2024";"17875511000150";AVENTURA II;https://copelmercadolivre.com/monitoramento-prudencial/
"09/11/2023";"12960094000120";CRUZEIRO;https://ibituenergia.com/ccee/
"17/11/2023";"19888199000164";STA VITORIA PALMAR IV;https://cgnbe.com.br/fator-de-alavancagem/
"07/12/2023";"30206620000142";VIX ENERGIA;http://www.vixenergia.com/fator/
"16/11/2023";"10366780000141";EPASA;https://www.grupocpfl.com.br/unidades-de-negocios/fator-alavancagem
"16/11/2023";"10797906000132";CPFL SANTA CLARA VI;https://www.grupocpfl.com.br/unidades-de-negocios/fator-alavancagem
"15/03/2024";"37350010000167";SPE FUTURA_3;https://eneva.com.br/monitoramento-prudencial/
"09/11/2023";"12959327000174";QGER ANEMOI;https://ibituenergia.com/ccee/
"27/03/2024";"29270235000185";LUDFOR COMERCIALIZADORA;https://www.ludfor.com.br/#monitoramento
"19/11/2024";"36951974000106";VENTOS DE SANTA TEREZA 05;https://www.aurenenergia.com.br/
"17/11/2023";"20726794000182";TESLACOM;http://www.tesla-energia.com/site/monitoramento_prudencial
"22/11/2024";"30248458000125";ENEL TRADING;https://enelcomercializadora.com.br/pt/quem-somos
"17/11/2023";"36619769000130";"2W COMERCIALIZADORA SE";https://2wecobank.com.br/fator-de-alavancagem/
"17/11/2023";"23857764000101";IMETAME TERMELETRICA;https://www.imetame.com.br/
"17/11/2023";"25318541000193";APOLLO C;https://www.elera.com/transparencia/
"17/11/2023";"12833445000131";ELERA RE III;https://www.elera.com/transparencia/
"29/11/2023";"03907799000192";SA CARVALHO;https://www.cemig.com.br/monitoramento-prudencial/
"19/11/2024";"11366231000130";UEE DA PRATA;https://www.aurenenergia.com.br/
"21/11/2023";"19281805000189";UMBURANAS 25;https://www.engie.com.br/atividades/comercializacao-de-energia/
"17/11/2023";"07823262000103";RIO CLARO;https://ri.alupar.com.br/outras-informacoes/central-de-downloads/
"19/11/2024";"19022818000133";VENTOS DE SANTA JOANA VI;https://www.aurenenergia.com.br/
"17/11/2023";"54410899000140";FERRO LIGAS;https://partnerservices.com.br/gestao-de-usinas-e-geradores/
"21/12/2023";"04426411000102";ENERPEIXE;https://www.enerpeixe.com.br/pt-br/fator-de-alavancagem-ccee
"16/11/2023";"12809025000543";PRIME ENERGY - MOSSORO;https://www.primeenergy.com.br/seguranca-de-mercado/
"17/11/2023";"11366011000106";UEE IGAPORA;https://www.elera.com/transparencia/
"09/02/2024";"03505376000146";ARAUCARIA PAPEIS CE;https://copelmercadolivre.com/monitoramento-prudencial/
"24/11/2023";"43338170000193";DNA ENERGIA;https://www.dnacomercializadora.com.br/monitoramento-ccee
"02/02/2024";"29362082000104";TYR TRADING;https://mercuriopartners.com.br/fator-de-alavancagem/
"30/11/2023";"38154005000141";ARMOR;https://armorenergia.com.br/comercializacao-de-energia/
"25/08/2025";"27184790000169";CONVEX;https://www.convexpower.com/fa/
"17/11/2023";"35603267000158";LAGOA DO BARRO X;https://cgnbe.com.br/fator-de-alavancagem/
"04/04/2024";"10858291000298";VIVIXFAB;https://docs.google.com/spreadsheets/d/e/2PACX-1vQPw9AkiwLACn4m9BwL6jk6D0PETvdBaWr439rzJgcqRcmFVHXdImquksqpPTcCvwHwPt-31F106c8z/pubhtml
"22/11/2024";"29711059000170";EGP SANTA ANGELA 16;https://enelcomercializadora.com.br/pt/quem-somos
"17/11/2023";"32431516000187";GERADORA HELIO VALGAS II;https://www.comerc.com.br/geracao-renovavel/geracao-centralizada
"11/01/2024";"06087883000103";OURO;https://www.brennandenergia.com.br/transparencia/fator-de-alavancagem/
"22/11/2024";"12851871000106";EGPPE;https://enelcomercializadora.com.br/pt/quem-somos
"26/12/2024";"49983274000137";TCCOM;https://www.tccomercializadora.com.br/
"17/11/2023";"27483435000190";FOTOVO;https://www.fotovo.com/
"10/11/2023";"01200788000142";CAMELON MAMUT LIVRE;https://www.naoseaplica.com.br
"09/02/2024";"35742218000104";FDA;https://copelmercadolivre.com/monitoramento-prudencial/
"16/11/2023";"09079118000121";CPFL NINHO DA AGUIA;https://www.grupocpfl.com.br/unidades-de-negocios/fator-alavancagem
"17/11/2023";"35842711000198";ACAUÃ III;https://ri.aliancaenergia.com.br/alianca/monitoramento-prudencial-ccee/
"16/11/2023";"12053687000102";CPFL SANTA MONICA;https://www.grupocpfl.com.br/unidades-de-negocios/fator-alavancagem
"16/11/2023";"09079142000160";CPFL BARRA DA PACIENCIA;https://www.grupocpfl.com.br/unidades-de-negocios/fator-alavancagem
"15/02/2024";"29350168000109";VOLTALIA COM;https://www.voltalia.com/pt-pt/comercializadora
"17/11/2023";"33010836000126";DIX;
"16/11/2023";"33931753000170";EXATA ENERGIA;https://www.exataenergia.com.br/seguranca-de-mercado/
"07/08/2025";"24227619000100";JUAZEIRO SOLAR II;https://www.engie.com.br/atividades/comercializacao-de-energia/
"15/02/2024";"29498479000110";VENTOS DE VILA PARAIBA II;https://www.voltalia.com/pt-pt/comercializadora
"17/11/2023";"02397080000196";ITAPEBI;https://www.neoenergia.com/web/produtos-e-solucoes/fator-de-alavancagem
"11/01/2024";"19905727000146";BANDACOURO;https://www.brennandenergia.com.br/transparencia/fator-de-alavancagem/
"19/11/2024";"11201833000137";UEE DOS ARACAS;https://www.aurenenergia.com.br/
"22/11/2024";"29616162000130";EGP SANTA ANGELA 21;https://enelcomercializadora.com.br/pt/quem-somos
"17/11/2023";"21014004000107";SAO CLEMENTE I;https://www.echoenergia.com.br/monitoramento-prudencial-rs567
"22/12/2023";"14897684000180";PCH TAMBORIL;https://www.electrapower.com.br/monitoramento.php
"17/11/2023";"29330011000111";VLSE 1;https://www.echoenergia.com.br/monitoramento-prudencial-rs567
"17/11/2023";"04267560000168";PCH RIO BRANCO;https://app.powerbi.com/view?r=eyJrIjoiNjNmMTI4ZmEtOGRjOS00YzhkLWI5ZDYtN2RmMjJhMmEyZmI2IiwidCI6IjcxZTE0OTYwLWRkMzEtNDQ2NS1iMmYyLTU2YWJhZGZiMTAwOCJ9
"17/11/2023";"42495350000116";VENTOS DE SAO GUILHERME;https://casadosventos.com.br/monitoramento-prudencial
"22/11/2024";"31594122000187";EGP VENTOS SAO ROQUE 04;https://enelcomercializadora.com.br/pt/quem-somos
"17/11/2023";"22686355000119";USINA ESTREITO;
"23/11/2023";"24286169000118";CEMIG GERA LESTE;https://www.cemig.com.br/monitoramento-prudencial/
"17/11/2023";"37405468000176";JANAUBA XIX;https://www.elera.com/transparencia/
"16/11/2023";"12419243000148";CPFL BIOALVORADA;https://www.grupocpfl.com.br/unidades-de-negocios/fator-alavancagem
"10/04/2025";"09053646000101";UTE TABU;
"15/02/2024";"29523731000101";VENTOS DE VILA ACRE II;https://www.voltalia.com/pt-pt/comercializadora
"17/11/2023";"37380592000124";JANAÚBA I;https://www.elera.com/transparencia/
"17/11/2023";"34211395000193";OITIS 7 I50;https://www.neoenergia.com/web/produtos-e-solucoes/fator-de-alavancagem
"16/11/2023";"22933858000141";CGH BURITIZAL;https://app.powerbi.com/view?r=eyJrIjoiOTM2NDliMDMtNWEzMy00MWQ1LWI1OTMtOTE4ZTBhYmE0MDA2IiwidCI6IjcxZTE0OTYwLWRkMzEtNDQ2NS1iMmYyLTU2YWJhZGZiMTAwOCJ9
"17/11/2023";"42740786000123";VENTOS DE SANTA BERTILLA;https://casadosventos.com.br/monitoramento-prudencial
"17/11/2023";"32398781000100";EOL SERRA DO MATO I;https://www.brasil.qair.energy/projetos/ceara/serradomato/fator-de-alavancagem-sdm/
"07/08/2025";"47149512000188";EOL SERRA DO ASSURUA 17 APE;https://www.engie.com.br/atividades/comercializacao-de-energia/
"17/11/2023";"21480051000138";VENTOS DE SAO VIRGILIO 03;https://www.aurenenergia.com.br/
"17/11/2023";"21013880000100";SAO CLEMENTE VIII;https://www.echoenergia.com.br/monitoramento-prudencial-rs567
"02/04/2024";"28323127000160";VC MACHADINHO;https://www.votorantimcimentos.com.br/monitoramento-prudencial/
"17/11/2023";"53009825000133";UTE MOGIANA;https://www.altamogiana.com.br/
"28/08/2025";"29198324000168";ABC BRASIL;https://www.abcbrasil.com.br/energia/
"29/11/2023";"02881800000194";CESC;https://simpleenergy.com.br/fator-de-alavancagem/
"01/12/2023";"21256386000177";EVEREST ENERGIA;https://www.everestenergia.com.br/mercado-livre/
"17/11/2023";"37381467000139";JANAUBA III;https://www.elera.com/transparencia/
"16/11/2023";"46494375000156";INTI;https://indraenergia.com/fator-de-alavancagem/
"21/11/2023";"20168112000163";UMBURANAS 19;https://www.engie.com.br/atividades/comercializacao-de-energia/
"16/11/2023";"14571068000135";TAMANDUA;https://app.powerbi.com/view?r=eyJrIjoiNTZmOWQ0YTUtM2FkNC00MzcyLWI2NTctMTZlZGUyZWYxMWI0IiwidCI6IjcxZTE0OTYwLWRkMzEtNDQ2NS1iMmYyLTU2YWJhZGZiMTAwOCJ9
"12/01/2024";"35637424000146";OSLO I;https://www.statkraft.com.br/relacoes-com-investidores/servicos-aos-investidores/fator-de-alavancagem/
"17/11/2023";"22563841000140";CHAFARIZ 6;https://www.neoenergia.com/web/produtos-e-solucoes/fator-de-alavancagem
"17/11/2023";"20593647000181";STA VITORIA PALMAR XI;https://cgnbe.com.br/fator-de-alavancagem/
"19/11/2024";"12048059000139";UEE TANQUE;https://www.aurenenergia.com.br/
"22/04/2024";"21314033000186";GENIAL ENERGY GESTAO;https://analisa.genialinvestimentos.com.br/noticias/energia/fator-de-alavancagem/
"19/11/2024";"11201797000101";UEE PILOES;https://www.aurenenergia.com.br/
"13/05/2024";"07358761000169";GALB;https://www2.gerdau.com.br/certificados-de-qualidade-e-documentos/
"09/02/2024";"95448486000212";FRIGORÍFICO SAO MIGUEL LTDA;https://copelmercadolivre.com/monitoramento-prudencial/
"19/11/2024";"19023213000167";VENTOS DE SANTA JOANA II;https://www.aurenenergia.com.br/
"09/02/2024";"76098219000137";COOPAVEL COOPERATIVA;https://copelmercadolivre.com/monitoramento-prudencial/
"17/11/2023";"12831668000160";ELERA RE II;https://www.elera.com/transparencia/
"02/04/2024";"01637895000132";VCSA;https://www.votorantimcimentos.com.br/monitoramento-prudencial/
"09/02/2024";"02103847000127";GEBON;https://copelmercadolivre.com/monitoramento-prudencial/
"17/11/2023";"12848401000185";GESTAMP SANTAN;https://www.echoenergia.com.br/monitoramento-prudencial-rs567
"09/02/2024";"29302334000100";SRMN;https://copelmercadolivre.com/monitoramento-prudencial/
"17/11/2023";"14759176000136";UTE SANTA CANDIDA II;https://www.elera.com/transparencia/
"17/11/2023";"32398767000107";EOL SERROTE_VII;https://www.brasil.qair.energy/projetos/ceara/complexo-ser/fator-de-alavancagem-ser/
"17/11/2023";"32431507000196";GERADORA HELIO VALGAS I;https://www.comerc.com.br/geracao-renovavel/geracao-centralizada
"09/11/2023";"10823648000111";COLIBRI;https://ibituenergia.com/ccee/
"07/08/2025";"47148310000111";EOL SERRA DO ASSURUA 4 APE;https://www.engie.com.br/atividades/comercializacao-de-energia/
"22/08/2025";"31199661000111";MONTE VERDE V;https://www.edp.com/pt-br/america-do-sul/brasil/o-que-fazemos/geracao-energia/fator-de-alavancagem
"22/11/2024";"42261997000183";EGP PEDRA PINTADA B;https://enelcomercializadora.com.br/pt/quem-somos
"10/11/2023";"67228536000130";REDE ZEFERINO;https://partnerservices.com.br/gestao-de-usinas-e-geradores/
"17/11/2023";"40594289000139";DELTA FUND VI;https://www.deltaenergia.com.br/
"17/11/2023";"19868433000191";STA VITORIA PALMAR V;https://cgnbe.com.br/fator-de-alavancagem/
"09/02/2024";"80851439000167";L C A;https://copelmercadolivre.com/monitoramento-prudencial/
"22/11/2024";"29579676000163";EGP SAO GONCALO 22;https://enelcomercializadora.com.br/pt/quem-somos
"17/11/2023";"33000167000101";PETROBRAS PIE;https://petrobras.com.br/quem-somos/gas
"11/01/2024";"34986689000197";BARAUNAS XV;https://www.brennandinvestimentos.com.br/transparencia/fator-de-alavancagem/
"17/11/2023";"74251919000194";ROSAVES CL;https://rosaves.com.br/somos-a-rosaves/
"09/02/2024";"76902204000180";FAST GONDOLAS;https://copelmercadolivre.com/monitoramento-prudencial/
"10/11/2023";"44577468000461";CENTENARIO;https://www.naoseaplica.com.br
"17/11/2023";"11349807000150";UEE ALVORADA;https://www.elera.com/transparencia/
"17/11/2023";"06059962000100";BPBIOENERGY ITA;http://bpbunge.com.br
"17/11/2023";"17246618000139";BP BUNGE BIOFUELS;http://bpbunge.com.br
"01/12/2023";"07930999000117";BBIO;https://bambuibioenergia.com.br/
"21/03/2025";"24955565000190";VERACRUZ GERACAO;https://www.ccee.org.br/web/guest/fator-de-alavancagem
"17/11/2023";"23416727000150";NOVA OLINDA B;https://cgnbe.com.br/fator-de-alavancagem/
"22/11/2023";"00585121000142";KARINA PISOS;https://www.karinarevestimentos.com.br/
"18/10/2024";"15102098000165";CVI VALENCA;https://casadosventos.com.br/monitoramento-prudencial
"16/11/2023";"31824313000198";ANCORA-SUL-COM;https://brggeradores.com.br/mercadolivre
"16/11/2023";"12415018000133";GEO ELETRICA;https://geobiogas.tech 
"17/02/2025";"32618447000620";B2R ENERGIA GO;https://gridenergia.com.br/fator-de-alavancagem/
"07/08/2025";"45181374000199";UFV ASSU SOL 15 PIE;https://www.engie.com.br/atividades/comercializacao-de-energia/
"17/02/2025";"32618447000468";B2R ENERGIA AL;https://gridenergia.com.br/fator-de-alavancagem/
"19/03/2024";"46494301000110";KON;https://triaenergia.com.br/
"21/11/2024";"31480282000103";EGIDE;https://www.luxenergia.com.br/
"19/11/2024";"36230295000130";TUCANO F8 GERACAO;https://www.aurenenergia.com.br/
"16/11/2023";"11686103000173";CPFL MORRO DOS VENTOS IX;https://www.grupocpfl.com.br/unidades-de-negocios/fator-alavancagem
"23/11/2023";"35679564000187";MOOVE;https://moovecom.com.br/
"17/02/2025";"32618447000115";GRID ENERGIA;https://gridenergia.com.br/fator-de-alavancagem/
"17/11/2023";"25099255000184";STIMA ENERGIA;https://stimaenergia.com.br/index.php/noticias-artigos/
"22/08/2025";"47034180000196";SERRA DA BORBOREMA III CONV I5;https://www.edp.com/pt-br/america-do-sul/brasil/o-que-fazemos/geracao-energia/fator-de-alavancagem
"09/02/2024";"12802844000135";NOVA ASA B II;https://copelmercadolivre.com/monitoramento-prudencial/
"12/01/2024";"31252889000128";BOQUEIRÃO I;https://www.statkraft.com.br/relacoes-com-investidores/servicos-aos-investidores/fator-de-alavancagem/
"27/11/2023";"17469701018700";AMB COM;https://brasil.arcelormittal.com/sustentabilidade/meio-ambiente/fator-alavancagem-ccee
"22/11/2024";"29710906000181";EGP SANTA ANGELA 18;https://enelcomercializadora.com.br/pt/quem-somos
"10/11/2023";"09495582000107";SAFIRA COM;https://safiraenergia.com.br/monitoramento-prudencia
"17/11/2023";"36521204000115";COLOMBO UTE 3;http://www.colomboagroindustria.com.br
"17/11/2023";"08252092000109";PEQUI I5;https://paineirapar.com.br/ccee-fa/
"17/11/2023";"04023261000188";NC ENERGIA;https://www.neoenergia.com/web/produtos-e-solucoes/fator-de-alavancagem
"17/11/2023";"22546171000153";CANOAS 2;https://www.neoenergia.com/web/produtos-e-solucoes/fator-de-alavancagem
"17/11/2023";"42455778000135";VENTOS DE SAO RAIMUNDO;https://casadosventos.com.br/monitoramento-prudencial
"16/11/2023";"38349131000151";INDRA COMERCIAL;https://indraenergia.com/fator-de-alavancagem/
"28/12/2023";"02444931000104";UHE SENS;http://enermerco.com.br/category/fator-de-alavancagem/
"17/11/2023";"34801306000169";MILAGRES III;https://lightsourcebp.com/br/
"09/02/2024";"60820198000262";CAMBUI CL 514;https://copelmercadolivre.com/monitoramento-prudencial/
"17/11/2023";"11350476000179";UEE VERDE;https://www.elera.com/transparencia/
"22/11/2023";"07387573000169";UTE JARAQUI;https://www.breitener.com.br/
"09/02/2024";"81716219000193";MOINHO ITAIPU;https://copelmercadolivre.com/monitoramento-prudencial/
"22/02/2024";"23637697000101";ALCOA;https://app.box.com/s/mtiy4lwqhugcmyvkg3kiw0h1bospm586
"17/11/2023";"30567624000156";ALEX I;https://www.elera.com/transparencia/
"17/11/2023";"09136819000155";CEU AZUL;https://www.neoenergia.com/web/produtos-e-solucoes/fator-de-alavancagem
"28/11/2023";"07794616000120";CZARNIKOW;https://www.czarnikow.com/electricity-leverage-factor-publication
"17/11/2023";"34707098000133";INFINITY RENOVAVEIS;https://www.infinityenergias.com.br/a-infinity-energias/
"12/01/2024";"35924128000126";SERRA DA MANGABEIRA;https://www.statkraft.com.br/relacoes-com-investidores/servicos-aos-investidores/fator-de-alavancagem/
"17/11/2023";"35865635000136";VENTOS DE SANTA LIVIA;https://casadosventos.com.br/monitoramento-prudencial
"12/01/2024";"08944243000190";SANTA FE;https://www.statkraft.com.br/relacoes-com-investidores/servicos-aos-investidores/fator-de-alavancagem/
"17/11/2023";"11619413000175";EOL FAISA III;https://www.elera.com/transparencia/
"23/07/2024";"08090788000267";BOZEL M;https://bozel.com/_ccee.php
"15/12/2023";"37995413000163";UFV JAÍBA CO;https://www.aurenenergia.com.br/
"16/11/2023";"13326039000145";CPFL CHIMAY;https://www.grupocpfl.com.br/unidades-de-negocios/fator-alavancagem
"16/11/2023";"17040615000144";PRIME ENERGY CON;https://www.primeenergy.com.br/seguranca-de-mercado/
"15/12/2023";"37995443000170";UFV JAÍBA NE2;https://www.aurenenergia.com.br/
"22/08/2025";"41813090000117";MONTE VERDE SOLAR IV I5 PIE;https://www.edp.com/pt-br/america-do-sul/brasil/o-que-fazemos/geracao-energia/fator-de-alavancagem
"17/11/2023";"34043696000155";VES 1;https://www.echoenergia.com.br/monitoramento-prudencial-rs567
"13/12/2023";"24263248000103";SERRA BABILONIA VIII;https://simpleenergy.com.br/fator-de-alavancagem/
"19/11/2024";"19022356000154";VENTOS DE SANTA JOANA VIII;https://www.aurenenergia.com.br/
"11/01/2024";"34986649000145";BARAUNAS IV;https://www.brennandenergia.com.br/transparencia/fator-de-alavancagem/
"22/11/2024";"29618696000104";EGP SANTA ESPERANCA 22;https://enelcomercializadora.com.br/pt/quem-somos
"19/11/2024";"17875194000171";VENTOS DE SANTA BRIGIDA II;https://www.aurenenergia.com.br/
"17/11/2023";"30311178000114";VLSE 3;https://www.echoenergia.com.br/monitoramento-prudencial-rs567
"07/08/2025";"30006082000142";SOLAR BARREIRAS I;https://www.engie.com.br/atividades/comercializacao-de-energia/
"05/09/2024";"67620377007631";MINERVA SA COM;https://minervafoods.com/minerva-energia/#main_banner-block_637e2bb84d73e
"22/11/2023";"10508162000199";CEC CANDEIAS;https://globalparticipacoesenergia.com.br/
"09/01/2024";"06015859000150";ATIAIA RENOVAVEIS;https://docs.google.com/spreadsheets/d/e/2PACX-1vQPw9AkiwLACn4m9BwL6jk6D0PETvdBaWr439rzJgcqRcmFVHXdImquksqpPTcCvwHwPt-31F106c8z/pubhtml
"30/05/2025";"02016507000169";CGTESUL;https://eletrobras.com/pt/Paginas/Monitoramento-Prudencial.aspx
"17/11/2023";"11349756000167";UEE CANDIBA;https://www.elera.com/transparencia/
"12/01/2024";"14990369000101";NERIA VAREJISTA;https://capitaleenergia.com.br/mercado-livre/
"22/11/2024";"36677071000170";EGP VENTOS SAO ROQUE 06;https://enelcomercializadora.com.br/pt/quem-somos
"14/10/2024";"39508838000126";PARATY GERACAO;https://www.paratyenergia.com.br/fator-de-alavancagem/
"21/06/2024";"02832860000206";DFESA;https://www.dfesa.com.br/divulgacao-do-fator-de-alavancagem-ccee-monitoramento-prudencial/
"17/11/2023";"08773135000100";"2WENERGIA";https://2wecobank.com.br/fator-de-alavancagem/
"30/04/2024";"14019497000102";ENERGYBRAS;https://www.protonenergy.com.br/fator
"17/11/2023";"43932102000581";RENUKA;https://www.renukabrasil.com.br/br/home
"22/11/2024";"21602288000144";ENEL ITUVERAVA SOLAR;https://enelcomercializadora.com.br/pt/quem-somos
"15/12/2023";"37995506000198";UFV JAÍBA NO2;https://www.aurenenergia.com.br/
"12/01/2024";"35637246000153";OSLO II;https://www.statkraft.com.br/relacoes-com-investidores/servicos-aos-investidores/fator-de-alavancagem/
"17/11/2023";"03795050000109";TERMOPE;https://www.neoenergia.com/web/produtos-e-solucoes/fator-de-alavancagem
"07/11/2024";"27796415000250";SEB - SHELL ENERGY FILIAL;https://www.shell.com.br/shellenergy.html
"30/11/2023";"13783102000172";SM_15;http://www.gruposerveng.com.br/alavancagem
"17/11/2023";"21909323000172";BOA ESPERANCA I;https://www.echoenergia.com.br/monitoramento-prudencial-rs567
"17/11/2023";"42740823000101";VENTOS DE SANTA DOROTEIA;https://casadosventos.com.br/monitoramento-prudencial
"22/11/2024";"25176787000178";EGP SANTA ANGELA 02;https://enelcomercializadora.com.br/pt/quem-somos
"17/11/2023";"09305462000191";RCE;https://docs.google.com/spreadsheets/d/e/2PACX-1vQPw9AkiwLACn4m9BwL6jk6D0PETvdBaWr439rzJgcqRcmFVHXdImquksqpPTcCvwHwPt-31F106c8z/pubhtml
"16/11/2023";"10883587000188";CPFL PEDRA CHEIROSA II;https://www.grupocpfl.com.br/unidades-de-negocios/fator-alavancagem
"01/12/2023";"16617789000164";UTE AGROPEU;https://agropeu.com.br/
"19/11/2024";"28937900000189";AGV IV;https://www.aurenenergia.com.br/
"17/11/2023";"15674805000198";VENTOS STO ESTEVAO V;https://www.aurenenergia.com.br/
"17/11/2023";"15321146000106";VENTOS III;https://ri.alupar.com.br/outras-informacoes/central-de-downloads/
"17/11/2023";"14402579000123";ACE;https://ri.alupar.com.br/outras-informacoes/central-de-downloads/
"19/11/2024";"17875341000103";VENTOS DE SANTA BRIGIDA VI;https://www.aurenenergia.com.br/
"22/04/2024";"18483400000160";GENIAL ENERGY;https://analisa.genialinvestimentos.com.br/noticias/energia/fator-de-alavancagem/
"23/11/2023";"03537249000129";CSN ENERGIA;https://www.csn.com.br/documentos-regulatorios-da-ceee-geracao/
"13/12/2023";"33485728000100";BREJINHOS A;https://simpleenergy.com.br/fator-de-alavancagem/
"15/02/2024";"35417771000163";EOLICA CANUDOS II;https://www.voltalia.com/pt-pt/comercializadora
"27/03/2024";"29270235000347";LUDFOR COM POA;https://www.ludfor.com.br/#monitoramento
"22/08/2025";"41813223000155";MONTE VERDE SOLAR II I5 APE;https://www.edp.com/pt-br/america-do-sul/brasil/o-que-fazemos/geracao-energia/fator-de-alavancagem
"17/11/2023";"04518259000180";ELECTRA ENERGY;https://electraenergy.com.br/fator-de-alavancagem-ccee/
"22/11/2023";"31085684000103";NEU ENERGY;https://www.neu.energy
"30/11/2023";"17205697000130";PARAZINHENSES_16;http://www.gruposerveng.com.br/alavancagem
"08/11/2023";"15458171000136";MIGRATIO;https://www.migratio.com.br
"22/11/2024";"29616881000151";EGP SANTA ANGELA 10;https://enelcomercializadora.com.br/pt/quem-somos
"24/11/2023";"19224741000184";SDV II;https://pecenergia.sharepoint.com/:f:/r/sites/Externo/Engeform%20Energia/Fator%20de%20Alavancagem?csf=1&web=1&e=mjATnz
"16/11/2023";"08991579000103";CPFL CHEROBIM;https://www.grupocpfl.com.br/unidades-de-negocios/fator-alavancagem
"17/11/2023";"34011712000128";VES 4;https://www.echoenergia.com.br/monitoramento-prudencial-rs567
"09/02/2024";"12053787000139";SANTAMARIA;https://copelmercadolivre.com/monitoramento-prudencial/
"23/11/2023";"05681451000155";BRASIL CENTRAL ENERGIA I5;https://www.csn.com.br/documentos-regulatorios-da-ceee-geracao/
"17/11/2023";"37380653000153";JANAUBA V;https://www.elera.com/transparencia/
"22/11/2024";"29552763000127";EGP SANTA ESPERANCA 13;https://enelcomercializadora.com.br/pt/quem-somos
"15/12/2023";"10848646000187";AD DIPER;https://www.adepe.pe.gov.br/comercializadora-de-energia/
"17/11/2023";"12107032000170";MEL 2;https://www.neoenergia.com/web/produtos-e-solucoes/fator-de-alavancagem
"17/11/2023";"20586118000150";STA VITORIA PALMAR XII;https://cgnbe.com.br/fator-de-alavancagem/
"16/11/2023";"51466860002957";USINA IRACEMA CL;https://www.saomartinho.com.br/
"16/11/2023";"09618374000140";BIOTERMICA RECREIO;https://biotermicaenergia.com.br/
"11/01/2024";"07953660000136";PCH PLANALTO;https://www.brennandenergia.com.br/transparencia/fator-de-alavancagem/
"17/11/2023";"04808949000173";CORURIPE ENERGETICA;https://www.usinacoruripe.com.br/
"17/11/2023";"35865640000149";VENTOS DE SAO LUIGI;https://casadosventos.com.br/monitoramento-prudencial
"07/11/2023";"29397412000199";NY ENERGI;https://materiais.novaenergia.com.br/wp-content/uploads/2023/11/NY.pdf
"09/11/2023";"12959291000129";QGER ACARAI;https://ibituenergia.com/ccee/
"17/02/2025";"32618447000468";GRID ENERGIA AL;https://gridenergia.com.br/fator-de-alavancagem/
"16/11/2023";"12053825000153";CPFL SAO DOMINGOS;https://www.grupocpfl.com.br/unidades-de-negocios/fator-alavancagem
"22/08/2025";"31469563000157";PEREIRA BARRETO III;https://www.edp.com/pt-br/america-do-sul/brasil/o-que-fazemos/geracao-energia/fator-de-alavancagem
"17/11/2023";"22563215000153";CHAFARIZ 7;https://www.neoenergia.com/web/produtos-e-solucoes/fator-de-alavancagem
"22/11/2024";"31762229000197";EGP SAO GONCALO 17;https://enelcomercializadora.com.br/pt/quem-somos
"24/03/2025";"44253677000107";EOL CASQUEIRA II I5;https://simpleenergy.com.br/fator-de-alavancagem/
"08/12/2023";"41974199000136";PANATI 2;https://www.spicbrasil.com.br/mercado-livre-de-energia/
"21/11/2023";"23844275000107";FOTOVOLTAICA ASSU V;https://www.engie.com.br/atividades/comercializacao-de-energia/
"22/11/2023";"49213747011828";RAIZEN CSP VALE DO ROSARIO;https://energia.raizen.com.br/mercado-livre
"16/11/2023";"10797899000179";CPFL SANTA CLARA I;https://www.grupocpfl.com.br/unidades-de-negocios/fator-alavancagem
"21/12/2023";"45991863000106";SOL DE GALINHOS M IV;https://scatec.com/locations/brazil/#mendubim-brazil-530-mw
"22/11/2024";"21552886000156";EOL DELFINA A;https://enelcomercializadora.com.br/pt/quem-somos
"21/12/2023";"45992149000132";SOL DE GENIPABU M IX;https://scatec.com/locations/brazil/#mendubim-brazil-530-mw
"21/11/2023";"02474103000119";ENGIE BR GER;https://www.engie.com.br/atividades/comercializacao-de-energia/
"10/11/2023";"31739003000175";UFV PEDRANOPOLIS;https://partnerservices.com.br/gestao-de-usinas-e-geradores/
"09/11/2023";"12960117000104";JAPURA;https://ibituenergia.com/ccee/
"15/02/2024";"20339203000114";EOL VILA AMAZONAS V;https://www.voltalia.com/pt-pt/comercializadora
"23/11/2023";"12186380000180";ELIZABETH CIMENTOS;https://www.csn.com.br/documentos-regulatorios-da-ceee-geracao/
"01/12/2023";"20144085000946";SIDERURGICA VALINHO;https://www.valinho.com.br/
"17/11/2023";"30311141000196";VLPI 3;https://www.echoenergia.com.br/monitoramento-prudencial-rs567
"24/11/2023";"14568419000159";SUSTENTA;https://blog.energizou.com.br/monitoramento-prudencial-sustenta-comercializadora/
"16/02/2024";"42066972000129";MARANGATU 11;https://www.spicbrasil.com.br/mercado-livre-de-energia/
"08/11/2024";"22109465000118";HYDRO ENERGIA;https://www.hydro.com/br/global/energia/
"07/08/2025";"35220240000186";LAR DO SOL COM;https://www.engie.com.br/atividades/comercializacao-de-energia/
"16/11/2023";"34757746000166";CGH SANTA ANASTASIA;https://www.santamaria.ind.br/energia/
"22/11/2024";"38131056000158";EGP AROEIRA 06;https://enelcomercializadora.com.br/pt/quem-somos
"01/11/2023";"36408023000187";TBTEX COMERCIALIZADORA;https://eletronenergy.com.br/comercializacao-de-energia-e-gas-natural/
"07/11/2023";"32656426000194";EVER COM;https://materiais.novaenergia.com.br/wp-content/uploads/2023/11/GWA.pdf
"28/12/2023";"30459113000110";ENERMERCO COM;http://enermerco.com.br/category/fator-de-alavancagem/
"16/02/2024";"42066887000160";MARANGATU 6;https://www.spicbrasil.com.br/mercado-livre-de-energia/
"17/11/2023";"41948081000133";ECOM - V;https://ecomenergia.com.br/blog/divulgacao-semanal-monitoramento-prudencial/
"15/03/2024";"37576883000192";SPE FUTURA_6;https://eneva.com.br/monitoramento-prudencial/
"17/11/2023";"30567582000153";ALEX VII 2;https://www.elera.com/transparencia/
"15/02/2024";"35474191000108";EOLICA CANUDOS III;https://www.voltalia.com/pt-pt/comercializadora
"22/08/2025";"31724960000128";CATANDUBA I;https://www.edp.com/pt-br/america-do-sul/brasil/o-que-fazemos/geracao-energia/fator-de-alavancagem
"21/11/2023";"23723730000116";ENGIE SOLAR FLORESTA III;https://www.engie.com.br/atividades/comercializacao-de-energia/
"17/11/2023";"33511218000160";EOL AFB I;https://www.brasil.qair.energy/projetos/rio-grande-do-norte/afonso-bezerra/fator-de-alavancagem-afb/
"22/11/2023";"13777004000122";RAIZEN POWER;https://energia.raizen.com.br/mercado-livre
"19/11/2024";"28938999000133";AGV V;https://www.aurenenergia.com.br/
"17/11/2023";"35718613000143";ARGENTUM COM;https://matrixenergia.com/fator-de-alavancagem
"17/11/2023";"05132872000127";PAR;https://docs.google.com/spreadsheets/d/e/2PACX-1vQPw9AkiwLACn4m9BwL6jk6D0PETvdBaWr439rzJgcqRcmFVHXdImquksqpPTcCvwHwPt-31F106c8z/pubhtml
"23/11/2023";"04881791000167";CEMIG SIM;https://www.cemig.com.br/monitoramento-prudencial/
"16/11/2023";"13324215000100";UTE PINHEIRO;http://usjp.ind.br
"17/11/2023";"08517600000133";BPBIOENERGY ITB;http://bpbunge.com.br
"17/11/2023";"36583766000193";"2W";https://2wecobank.com.br/fator-de-alavancagem/
"17/11/2023";"31911792000180";DELTA FUND I;https://www.deltaenergia.com.br/
"22/11/2023";"49213747011585";RAIZEN CSP MB;https://energia.raizen.com.br/mercado-livre
"09/02/2024";"35824347000133";JANDAIRA II;https://copelmercadolivre.com/monitoramento-prudencial/
"12/01/2024";"42625774000158";MORRO DO CRUZEIRO II;https://www.statkraft.com.br/relacoes-com-investidores/servicos-aos-investidores/fator-de-alavancagem/
"17/11/2023";"37606297000143";COLOMBO UTE 1;http://www.colomboagroindustria.com.br
"16/11/2023";"12981225000155";CPFL ATLANTICA IV;https://www.grupocpfl.com.br/unidades-de-negocios/fator-alavancagem
"19/11/2024";"17875304000103";VENTOS DE SANTA BRIGIDA I;https://www.aurenenergia.com.br/
"10/11/2023";"31793547000115";UFV ARAXA;https://partnerservices.com.br/gestao-de-usinas-e-geradores/
"22/11/2024";"42625260000100";EGP ARINOS 12;https://enelcomercializadora.com.br/pt/quem-somos
"17/11/2023";"23037398000136";VENTOS DE SAO CIRIACO;https://www.aurenenergia.com.br/
"17/11/2023";"11345796000130";UEE GUIRAPA;https://www.elera.com/transparencia/
"09/02/2024";"31449173000115";VENTOS DE VILA PARAIBA III;https://copelmercadolivre.com/monitoramento-prudencial/
"09/11/2023";"15253399000190";VENTOS VIII;https://www.brasilventos.com.br/monitoramentoprudencial
"22/11/2024";"29559244000190";EGP SANTA ANGELA 15;https://enelcomercializadora.com.br/pt/quem-somos
"17/11/2023";"24294065000155";PEDRA DO REINO IV;https://www.echoenergia.com.br/monitoramento-prudencial-rs567
"17/11/2023";"21893166000154";VENTOS DE SAO BERNARDO;https://www.aurenenergia.com.br/
"16/11/2023";"10797909000176";CPFL SANTA CLARA V;https://www.grupocpfl.com.br/unidades-de-negocios/fator-alavancagem
"16/11/2023";"06315338006400";COFCO VOTUPORANGA;https://br.cofcointernational.com/
"09/02/2024";"04200198000108";PROTORK MBE;https://copelmercadolivre.com/monitoramento-prudencial/
"19/11/2024";"12049958000156";UEE SERRA ESP;https://www.aurenenergia.com.br/
"22/11/2024";"31791620000110";EGP SAO GONCALO 14;https://enelcomercializadora.com.br/pt/quem-somos
"17/11/2023";"23670551000168";AREADO;https://docs.google.com/spreadsheets/d/e/2PACX-1vQPw9AkiwLACn4m9BwL6jk6D0PETvdBaWr439rzJgcqRcmFVHXdImquksqpPTcCvwHwPt-31F106c8z/pubhtml
"17/11/2023";"29845761000126";VENTOS DE SAO FELIPE;https://casadosventos.com.br/monitoramento-prudencial
"23/11/2023";"33042730000104";CSN SIDERURGIC;https://www.csn.com.br/documentos-regulatorios-da-ceee-geracao/
"09/02/2024";"21909032000184";EOL PARAISO;https://copelmercadolivre.com/monitoramento-prudencial/
"09/02/2024";"75655720000194";SEPAC;https://copelmercadolivre.com/monitoramento-prudencial/
"21/11/2023";"03435212000190";KINKA REGIS CE;https://www.kajory.com.br/
"12/01/2024";"35654189000110";OSLO IX - ACL;https://www.statkraft.com.br/relacoes-com-investidores/servicos-aos-investidores/fator-de-alavancagem/
"17/11/2023";"08364948000138";ALUPAR;https://ri.alupar.com.br/outras-informacoes/central-de-downloads/
"09/02/2024";"32756560000167";CURTUME NOROESTE;https://copelmercadolivre.com/monitoramento-prudencial/
"17/11/2023";"11349904000143";UEE LICINIO;https://www.elera.com/transparencia/
"09/02/2024";"12802855000115";NOVA ASA B I;https://copelmercadolivre.com/monitoramento-prudencial/
"09/02/2024";"19205227000100";ALFLEN;https://copelmercadolivre.com/monitoramento-prudencial/
"09/02/2024";"79077343000104";CIRCUIBRAS;https://copelmercadolivre.com/monitoramento-prudencial/
"09/02/2024";"78956968001589";COCARI RACÃO;https://copelmercadolivre.com/monitoramento-prudencial/
"11/01/2024";"19353878000139";MBRANCO1;https://www.brennandenergia.com.br/transparencia/fator-de-alavancagem/
"11/04/2025";"00357038000116";ELETRONORTE;https://eletrobras.com/pt/Paginas/Monitoramento-Prudencial.aspx
"24/11/2023";"18755529000180";MCG INDUSTRIA;https://mcglab.com.br/
"15/02/2024";"29523723000157";VENTOS DE VILA PARAIBA I;https://www.voltalia.com/pt-pt/comercializadora
"19/11/2024";"24302776000124";BOA HORA 1;https://www.aurenenergia.com.br/
"10/11/2023";"61049250000100";AABB1 CL 514;https://www.naoseaplica.com.br
"09/02/2024";"79704961000137";BEBIDAS GAROTO;https://copelmercadolivre.com/monitoramento-prudencial/
"09/02/2024";"32135034000180";CONDOMINIO SHOPPING CIDADE;https://copelmercadolivre.com/monitoramento-prudencial/
"12/01/2024";"49208203000167";CAPITALE TRADING;https://capitaleenergia.com.br/mercado-livre/
"21/12/2023";"45992228000143";SOL DE PIPA M XI;https://scatec.com/locations/brazil/#mendubim-brazil-530-mw
"16/11/2023";"08439659000150";CPFL RENOVAVEIS I5;https://www.grupocpfl.com.br/unidades-de-negocios/fator-alavancagem
"12/01/2024";"08573833000153";STATKRAFT;https://www.statkraft.com.br/relacoes-com-investidores/servicos-aos-investidores/fator-de-alavancagem/
"17/11/2023";"05646253000150";USINAS DO PRATA;https://paineirapar.com.br/ccee-fa/
"01/11/2023";"48428100000140";EXL ENERGIA;https://exlenergia.com/fa
"13/05/2024";"17227422000105";GACO;https://www2.gerdau.com.br/certificados-de-qualidade-e-documentos/
"21/11/2023";"24594263000134";SMGT;https://portal.elfsm.com.br/
"07/11/2023";"32656263000140";ATIVA COM;https://materiais.novaenergia.com.br/wp-content/uploads/2023/11/ATIVA.pdf
"14/10/2024";"34867956000107";PARATY COMERCIALIZADORA;https://www.paratyenergia.com.br/fator-de-alavancagem/
"16/11/2023";"12809025000110";PRIME ENERGY;https://www.primeenergy.com.br/seguranca-de-mercado/
"09/02/2024";"05007043000112";TINTAS ALESSI;https://copelmercadolivre.com/monitoramento-prudencial/
"17/11/2023";"09143892000154";SUPER MANAIRA;https://www.sitemercado.com.br/supermercadomanaira/joao-pessoa-loja-manaira-manaira-rua-joao-cancio
"22/11/2023";"56384183000140";SANTA-CASA-RCLARO;http://santacasaderioclaro.com.br/
"16/11/2023";"32357245000167";MAXCOM;https://maxvinil.com.br/
"15/12/2023";"11448933000162";SUAPE COMPLEXO IND;https://www.adepe.pe.gov.br/comercializadora-de-energia
"26/06/2025";"23412242000198";PACTO COMERCIALIZADORA;https://bemenergia.com/fator-de-alavancagem/
"22/08/2025";"47034126000140";SERRA DA BORBOREMA II;https://www.edp.com/pt-br/america-do-sul/brasil/o-que-fazemos/geracao-energia/fator-de-alavancagem
"10/11/2023";"31405539000154";DUPLA COMERCIALIZADORA;https://duplaconsultoria.com/monitoramento/
"17/11/2023";"11613311000142";GEOBV;https://www.echoenergia.com.br/monitoramento-prudencial-rs567
"04/03/2024";"35357729000102";LAVRAS 8 I5;https://recurrentenergy.com/compliance/brazil/
"17/11/2023";"08264991000121";PCH CACHIMBO ALTO;https://app.powerbi.com/view?r=eyJrIjoiNjNmMTI4ZmEtOGRjOS00YzhkLWI5ZDYtN2RmMjJhMmEyZmI2IiwidCI6IjcxZTE0OTYwLWRkMzEtNDQ2NS1iMmYyLTU2YWJhZGZiMTAwOCJ9
"22/11/2024";"31596728000151";EGP VENTOS SAO ROQUE 08;https://enelcomercializadora.com.br/pt/quem-somos
"30/04/2024";"23866219000173";MALTA;https://www.protonenergy.com.br/fator
"21/03/2025";"07969746000157";RONDINHA;https://www.ccee.org.br/web/guest/fator-de-alavancagem
"17/11/2023";"37405824000151";JANAUBA X;https://www.elera.com/transparencia/
"17/11/2023";"06976417000170";QUELUZ I5;https://ri.alupar.com.br/outras-informacoes/central-de-downloads/
"09/11/2023";"11781913000109";QGER ARENA;https://ibituenergia.com/ccee/
"17/02/2025";"32618447000549";GRID ENERGIA TO;https://gridenergia.com.br/fator-de-alavancagem/
"17/11/2023";"17613629000100";EOL FORMOSO II;https://cgnbe.com.br/fator-de-alavancagem/
"16/02/2024";"41977332000108";MARANGATU 1;https://www.spicbrasil.com.br/mercado-livre-de-energia/
"17/11/2023";"42740763000119";VENTOS DE SANTA IRENE;https://casadosventos.com.br/monitoramento-prudencial
"19/11/2024";"37002800000151";VENTOS DE SAO RICARDO 02;https://www.aurenenergia.com.br/
"22/11/2024";"19011479000190";MANICOBA EOLICA;https://enelcomercializadora.com.br/pt/quem-somos
"19/11/2024";"21983240000123";GUAIMBE I;https://www.aurenenergia.com.br/
"11/01/2024";"33269273000195";SERRA DO VENTO;https://www.brennandinvestimentos.com.br/transparencia/fator-de-alavancagem/
"17/11/2023";"32267722000101";BON NOME III;https://www.comerc.com.br/geracao-renovavel/geracao-centralizada
"22/11/2024";"18303676000110";ENEL;https://enelcomercializadora.com.br/pt/quem-somos
"07/08/2025";"45176031000136";UFV ASSU SOL 8 PIE;https://www.engie.com.br/atividades/comercializacao-de-energia/
"09/11/2023";"15253861000159";VENTOS V;https://www.brasilventos.com.br/monitoramentoprudencial
"09/02/2024";"29507214000130";SRMN IV;https://copelmercadolivre.com/monitoramento-prudencial/
"19/11/2024";"35836427000109";TUCANO F3 GERACAO;https://www.aurenenergia.com.br/
"17/11/2023";"48295562000136";UAA USI;https://www.altoalegre.com.br/
"16/11/2023";"41001834000107";MELHORAMENTOS BIOENERGIA;http://www.cmnp.com.br
"27/12/2023";"04810290000190";PIE - RP;https://tradener.com.br/2023/12/27/divulgacao-pie-rp-fator-de-alavancagem/
"15/03/2024";"15743303000171";PARNAIBA COM;https://eneva.com.br/monitoramento-prudencial/
"09/11/2023";"11477020000174";ANDORINHA;https://ibituenergia.com/ccee/
"10/11/2023";"18185035000108";TRUE;https://truecomercializadora.com/
"22/11/2024";"29325687000117";EGP SAO GONCALO 10;https://enelcomercializadora.com.br/pt/quem-somos
"17/11/2023";"34211456000112";OITIS 10 I50;https://www.neoenergia.com/web/produtos-e-solucoes/fator-de-alavancagem
"17/11/2023";"33809117000170";BEST ENERGIA;https://www.skoposenergia.com.br/ccee
"17/11/2023";"33268312000130";EAP- II;https://ri.alupar.com.br/outras-informacoes/central-de-downloads/
"17/11/2023";"30929117000115";BRASIL SERVICOS;http://brcomercializadora.com.br/
"27/11/2023";"17469701000177";ARCELOR JF COM;https://brasil.arcelormittal.com/sustentabilidade/meio-ambiente/fator-alavancagem-ccee
"22/08/2025";"19980957000170";EOLICA AVENTURA I;https://www.edp.com/pt-br/america-do-sul/brasil/o-que-fazemos/geracao-energia/fator-de-alavancagem
"16/11/2023";"09076988000147";CPFL ARVOREDO;https://www.grupocpfl.com.br/unidades-de-negocios/fator-alavancagem
"17/11/2023";"35989467000190";VENTOS DE SAO LONGINO;https://casadosventos.com.br/monitoramento-prudencial
"22/12/2023";"13562900000174";ABRANJO I;https://www.electrapower.com.br/monitoramento.php
"16/11/2023";"10763227000142";UTE SANTA CRUZ;https://www.saomartinho.com.br/
"11/01/2024";"19905679000196";BARAUNAS2;https://www.brennandenergia.com.br/transparencia/fator-de-alavancagem/
"19/11/2024";"14095008000193";EOL VENTO;https://www.aurenenergia.com.br/
"10/11/2023";"12545944000123";BOLT BCE;https://boltenergy.com.br/fatores-alavancagem/
"19/11/2024";"10288502000113";EOL BELA VISTA;https://www.aurenenergia.com.br/
"09/02/2024";"08916434000148";FRIGODASKO;https://copelmercadolivre.com/monitoramento-prudencial/
"08/12/2023";"42270145000152";PANATI 1;https://www.spicbrasil.com.br/mercado-livre-de-energia/
"22/11/2024";"29617129000125";EGP SANTA ESPERANCA 26;https://enelcomercializadora.com.br/pt/quem-somos
"13/12/2023";"19235607000189";CAETITE B;https://simpleenergy.com.br/fator-de-alavancagem/
"21/11/2023";"34742951000158";UFV JUAZEIRO 8;https://www.atlasrenewableenergy.com/pt-br/
"15/02/2024";"35835571000120";SOL SERRA DO MEL II;https://www.voltalia.com/pt-pt/comercializadora
"17/11/2023";"03984862000194";AUREN;https://www.aurenenergia.com.br/
"16/11/2023";"08933585000104";CPFL SALTO GOES;https://www.grupocpfl.com.br/unidades-de-negocios/fator-alavancagem
"17/11/2023";"07469933000171";GERA AM;http://geramazonas.com.br/
"12/01/2024";"08542325000108";PASSOS MAIA;https://www.statkraft.com.br/relacoes-com-investidores/servicos-aos-investidores/fator-de-alavancagem/
"21/03/2025";"05729514000104";PCH SPESSATTO;https://www.ccee.org.br/web/guest/fator-de-alavancagem
"17/11/2023";"42454915000117";VENTOS DE SAO JULIAO;https://casadosventos.com.br/monitoramento-prudencial
"25/01/2024";"30356930000143";DIAMANTE COMERCIALIZADORA;https://diamanteenergia.com/fator-de-alavancagem/
"09/02/2024";"12053929000168";SANTAHELENA;https://copelmercadolivre.com/monitoramento-prudencial/
"11/01/2024";"03532447000108";ITAMARATI PIE I0;https://www.brennandinvestimentos.com.br/transparencia/fator-de-alavancagem/
"14/12/2023";"14080223000110";EOL BONSVENTOS;https://app.powerbi.com/view?r=eyJrIjoiMDkxOGQ0MTgtOTFiNS00ZDBjLWJhMTctN2UxMDI2OTk3Mzc3IiwidCI6IjcxZTE0OTYwLWRkMzEtNDQ2NS1iMmYyLTU2YWJhZGZiMTAwOCJ9
"11/01/2024";"23117229000106";ALTEROSA I5;https://www.grupoalterosa.ind.br/cogeral.php
"24/11/2023";"12810896000153";TELES PIRES;
"17/11/2023";"48563988000123";CGN BRASIL;https://cgnbe.com.br/fator-de-alavancagem/
"16/09/2025";"31864869000108";BP;https://www.bp.com/pt_br/brazil/home/produtos-e-servicos/bpce.html
"17/11/2023";"35718914000177";TANQUE NOVO I;https://cgnbe.com.br/fator-de-alavancagem/
"13/12/2023";"19233858000124";CAETITE A;https://simpleenergy.com.br/fator-de-alavancagem/
"09/02/2024";"35823538000180";JANDAIRA I;https://copelmercadolivre.com/monitoramento-prudencial/
"11/01/2024";"04760345000102";INDIAVAI;https://www.brennandenergia.com.br/transparencia/fator-de-alavancagem/
"13/12/2023";"33485874000135";BREJINHOS B;https://simpleenergy.com.br/fator-de-alavancagem/
"17/11/2023";"44691236000197";UTE DELLA COLETTA;https://www.coletta.com.br/
"22/11/2023";"08070508000178";RAIZEN ENERGIA;
"17/11/2023";"27796415000170";SEB - SHELL ENERGY BRASIL;https://www.shell.com.br/shellenergy.html
"21/11/2023";"14023604000168";BID;https://bidenergy.com.br/index.html
"21/11/2023";"04270778000171";SANTANDER COM;https://www.santander.com.br/empresas/energia
"17/11/2023";"37405455000105";JANAUBA II;https://www.elera.com/transparencia/
"22/11/2024";"29710913000183";EGP SAO GONCALO 6;https://enelcomercializadora.com.br/pt/quem-somos
"08/11/2023";"16829607000119";MIGRATIO CONSULT;https://www.migratio.com.br
"17/11/2023";"30040812000121";VENTOS ARAPUA 2;https://www.neoenergia.com/web/produtos-e-solucoes/fator-de-alavancagem
"16/11/2023";"10490040000112";TERMOVERDE CAIEIRAS;https://www.termoverde.com.br/
"10/11/2023";"12912915000152";UTE GUACU;https://partnerservices.com.br/gestao-de-usinas-e-geradores/
"12/01/2024";"19527586000175";CES;https://www.sinopenergia.com.br/comercializacao-de-energia
"17/11/2023";"37405654000105";JANAUBA XIII;https://www.elera.com/transparencia/
"01/12/2023";"07609993000142";VIENA;https://vienairon.com.br/
"22/11/2023";"19275443000113";BIO CAARAPO;https://energia.raizen.com.br/mercado-livre
"17/11/2023";"12773911000130";TIANGUA;https://www.echoenergia.com.br/monitoramento-prudencial-rs567
"17/11/2023";"22454143000106";CANDENGO;https://casadosventos.com.br/monitoramento-prudencial
"17/11/2023";"36584315000170";COLOMBO UTE 4;http://www.colomboagroindustria.com.br
"17/11/2023";"19888311000167";STA VITORIA PALMAR II;https://cgnbe.com.br/fator-de-alavancagem/
"16/11/2023";"05104205000130";CONFLUENCIA;https://pchconfluencia.com.br/relacoes-com-investidores-ri/
"04/03/2024";"35911730000129";UFV CIRANDA 3;https://recurrentenergy.com/compliance/brazil/
"30/11/2023";"17143838000137";CBAIXO_14;http://www.gruposerveng.com.br/alavancagem
"17/11/2023";"15732189000184";IFT ENERGIA;https://www.infinityenergias.com.br/a-infinity-energias/
"17/11/2023";"38262963000136";EOL SERIDO III;https://www.elera.com/transparencia/
"21/11/2023";"42078944000121";VISTA ALEGRE COM;https://www.atlasrenewableenergy.com/pt-br/
"11/01/2024";"33295705000132";SERRA DO FOGO;https://www.brennandinvestimentos.com.br/transparencia/fator-de-alavancagem/
"17/11/2023";"21949390000110";LAGOA DO BARRO V;https://cgnbe.com.br/fator-de-alavancagem/
"19/11/2024";"10288438000170";EOL MAR TERRA;https://www.aurenenergia.com.br/
"17/11/2023";"33511173000123";EOL ANG I;https://www.brasil.qair.energy/projetos/rio-grande-do-norte/afonso-bezerra/fator-de-alavancagem-afb/
"17/11/2023";"29845784000130";VENTOS DE SANTA ALICE;https://casadosventos.com.br/monitoramento-prudencial
"17/11/2023";"22246333000138";VENTOS DE SANTO ANTERO;https://www.aurenenergia.com.br/
"17/11/2023";"21540697000163";LAGOA 1;https://www.neoenergia.com/web/produtos-e-solucoes/fator-de-alavancagem
"19/11/2024";"21904039000103";GUAIMBE II;https://www.aurenenergia.com.br/
"23/11/2023";"04451907000128";CEMIG GERACAO POCO FUNDO MG;https://www.cemig.com.br/monitoramento-prudencial/
"04/04/2024";"21830784000155";VALE III;https://docs.google.com/spreadsheets/d/e/2PACX-1vQPw9AkiwLACn4m9BwL6jk6D0PETvdBaWr439rzJgcqRcmFVHXdImquksqpPTcCvwHwPt-31F106c8z/pubhtml
"23/05/2024";"26462699000103";SPE IGARAPAVA;https://www.pollarix.com.br/
"20/11/2023";"09426032000128";DUCOCO CE;
"17/11/2023";"23037442000108";VENTOS DE SANTO APOLINARIO;https://www.aurenenergia.com.br/
"09/02/2024";"77728988000134";ALMEIDA MERCADOS;https://copelmercadolivre.com/monitoramento-prudencial/
"19/11/2024";"09571485000148";CGE SJ;https://www.aurenenergia.com.br/
"19/11/2024";"43412008000178";ARN COMERCIALIZADORA;https://www.aurenenergia.com.br/
"16/02/2024";"42066812000180";MARANGATU 3;https://www.spicbrasil.com.br/mercado-livre-de-energia/
"22/11/2024";"36051515000168";EGP VENTOS SAO ROQUE 03;https://enelcomercializadora.com.br/pt/quem-somos
"17/11/2023";"21869347000145";VENTOS DE SANTO AFONSO;https://www.aurenenergia.com.br/
"21/12/2023";"45991823000164";SOL DE PONTA DO MEL M III;https://scatec.com/locations/brazil/#mendubim-brazil-530-mw
"09/11/2023";"12959413000187";QGER APELIOT;https://ibituenergia.com/ccee/
"16/11/2023";"07099001000184";CPFL GAMELEIRA;https://www.grupocpfl.com.br/unidades-de-negocios/fator-alavancagem
"16/02/2024";"16628281000161";SAMARCO ES;https://www.samarco.com/fator-de-alavancagem/
"16/11/2023";"45483450002164";CLEALCOQUEIROZ;http://www.clealco.com.br
"22/11/2024";"31596667000122";EGP VENTOS SAO ROQUE 02;https://enelcomercializadora.com.br/pt/quem-somos
"16/11/2023";"10654917000163";PCH RIO CLARO I5;https://app.powerbi.com/view?r=eyJrIjoiOTM2NDliMDMtNWEzMy00MWQ1LWI1OTMtOTE4ZTBhYmE0MDA2IiwidCI6IjcxZTE0OTYwLWRkMzEtNDQ2NS1iMmYyLTU2YWJhZGZiMTAwOCJ9
"22/08/2025";"33343327000115";CATANDUBA II PIE;https://www.edp.com/pt-br/america-do-sul/brasil/o-que-fazemos/geracao-energia/fator-de-alavancagem
"22/11/2024";"14411251000173";EGP TACAICO;https://enelcomercializadora.com.br/pt/quem-somos
"15/12/2023";"37998154000124";UFV JAÍBA SO;https://www.aurenenergia.com.br/
"09/11/2023";"12960216000188";QGER ALBUQUE;https://ibituenergia.com/ccee/
"11/01/2024";"04760363000186";OMBREIRAS;https://www.brennandenergia.com.br/transparencia/fator-de-alavancagem/
"16/02/2024";"28758086000135";NEWCOM;https://www.comerc.com.br/monitoramento-prudencial
"16/11/2023";"10267349000148";TERMOVERDE I1;https://www.termoverde.com.br/
"16/11/2023";"14570800000152";CORRUPIAO;https://app.powerbi.com/view?r=eyJrIjoiNTZmOWQ0YTUtM2FkNC00MzcyLWI2NTctMTZlZGUyZWYxMWI0IiwidCI6IjcxZTE0OTYwLWRkMzEtNDQ2NS1iMmYyLTU2YWJhZGZiMTAwOCJ9
"21/11/2023";"23742142000120";ENGIE SOLAR PARACATU IV;https://www.engie.com.br/atividades/comercializacao-de-energia/
"17/11/2023";"10797897000180";EURUS II;https://cgnbe.com.br/fator-de-alavancagem/
"07/08/2025";"31321885000154";LAR DO SOL II;https://www.engie.com.br/atividades/comercializacao-de-energia/
"17/11/2023";"11349836000112";UEE SERRA;https://www.elera.com/transparencia/
"17/11/2023";"33511325000198";EOL AFB III;https://www.brasil.qair.energy/projetos/rio-grande-do-norte/afonso-bezerra/fator-de-alavancagem-afb/
"17/11/2023";"04811856000106";PETROLINA;http://www.ciapetrolina.com.br/
"17/11/2023";"30469051000128";BOVEN VAREJISTA;https://boven.com.br/empresa/
"22/01/2024";"11322550000143";ATMO;https://atmoenergia.com.br/monitoramento-prudencial/
"21/11/2023";"31635668000139";ENGIE TRADING;https://www.engie.com.br/atividades/comercializacao-de-energia/
"18/03/2024";"55980684000127";ADIUM;https://adium.com.br/em-geral/monitoramento-prudencial/
"16/11/2023";"12053891000123";CPFL SANTA URSULA;https://www.grupocpfl.com.br/unidades-de-negocios/fator-alavancagem
"17/11/2023";"36641614000108";EOL SERIDO IX;https://www.elera.com/transparencia/
"30/11/2023";"14295008000137";CTGBRNE;https://ri.ctgbr.com.br/governanca-corporativa/monitoramento-prudencial/
"17/11/2023";"29845794000176";VENTOS DE SANTA SARA;https://casadosventos.com.br/monitoramento-prudencial
"16/11/2023";"14570783000153";ANGICAL;https://app.powerbi.com/view?r=eyJrIjoiNTZmOWQ0YTUtM2FkNC00MzcyLWI2NTctMTZlZGUyZWYxMWI0IiwidCI6IjcxZTE0OTYwLWRkMzEtNDQ2NS1iMmYyLTU2YWJhZGZiMTAwOCJ9
"08/11/2024";"50007040000133";ENEREIN;https://www.hydro.com/br/global/energia/
"17/11/2023";"21480026000154";VENTOS DE SANTO ESTEVAO IV;https://www.aurenenergia.com.br/
"19/11/2024";"17875122000124";VENTOS DE SANTA BRIGIDA IV;https://www.aurenenergia.com.br/
"17/11/2023";"23037514000117";VENTOS DE SANTO ABELARDO;https://casadosventos.com.br/monitoramento-prudencial
"17/11/2023";"35572851000193";LAGOA DO BARRO IX;https://cgnbe.com.br/fator-de-alavancagem/
"17/11/2023";"38419561000100";EOL SERIDO IV;https://www.elera.com/transparencia/
"17/11/2023";"11489312000127";ATLANTIC COM;https://cgnbe.com.br/fator-de-alavancagem/
"17/11/2023";"33511347000158";EOL AFB IV;https://www.brasil.qair.energy/projetos/rio-grande-do-norte/afonso-bezerra/fator-de-alavancagem-afb/
"16/11/2023";"09076941000183";CPFL SAO GONCALO;https://www.grupocpfl.com.br/unidades-de-negocios/fator-alavancagem
"17/11/2023";"12106898000166";CALANGO 1;https://www.neoenergia.com/web/produtos-e-solucoes/fator-de-alavancagem
"17/11/2023";"35874343000160";VENTOS DE SAO LEOPOLDO;https://casadosventos.com.br/monitoramento-prudencial
"17/11/2023";"11154502000193";TERRA ENERGY;https://terraenergy.com.br
"13/12/2023";"33468809000100";CAETITE F;https://simpleenergy.com.br/fator-de-alavancagem/
"09/11/2023";"10682436000161";AMONTADA;https://ibituenergia.com/ccee/
"16/11/2023";"03491603000121";CPFL LAJEADO;https://www.grupocpfl.com.br/unidades-de-negocios/fator-alavancagem
"13/09/2024";"42714536000119";CARVALHO ENERGIAS;https://www.ccee.org.br/web/guest/fator-de-alavancagem.
"17/11/2023";"34211213000184";OITIS 1;https://www.neoenergia.com/web/produtos-e-solucoes/fator-de-alavancagem
"13/11/2023";"12630054000110";MAXIMA ENERGIA;https://maximacomercializadora.com/fator/
"17/11/2023";"47063128000168";SAO DOMINGOS I5;http://www.usinasaodomingos.com.br/site/
"19/11/2024";"10272500000136";CGE SC;https://www.aurenenergia.com.br/
"22/11/2023";"18645875000106";BIO COSTA PINTO;https://energia.raizen.com.br/mercado-livre
"09/11/2023";"12960046000131";ARISTARCO;https://ibituenergia.com/ccee/
"17/11/2023";"21716502000193";VENTOS DE SANTO ALBERTO;https://www.aurenenergia.com.br/
"17/11/2023";"04781143000139";BAESA;https://www.baesa.com.br/
"21/11/2023";"20168158000182";UMBURANAS 17;https://www.engie.com.br/atividades/comercializacao-de-energia/
"19/11/2024";"19023342000155";VENTOS DE SANTO ONOFRE III;https://www.aurenenergia.com.br/
"01/12/2023";"05827554000180";CMU;https://cmuenergia.com.br/
"17/11/2023";"32606442000172";SOLAR SAO JOAO I;https://www.comerc.com.br/geracao-renovavel/geracao-centralizada
"17/11/2023";"11365985000175";UEE PAJEU;https://www.elera.com/transparencia/
"17/11/2023";"09373678000194";SUAPE II;https://www.suapeenergia.com.br/
"19/11/2024";"35836426000164";TUCANO F4 GERACAO;https://www.aurenenergia.com.br/
"17/11/2023";"30983948000175";CENTRAL;https://www.centralenergia.com/centro-de-inovacao-e-seguranca/
"09/01/2025";"32239171000164";BOLT MINAS;https://boltenergy.com.br/fatores-alavancagem/
"11/01/2024";"01673025000119";TOCANTINS ENER;https://www.brennandinvestimentos.com.br/transparencia/fator-de-alavancagem/
"16/11/2023";"09665342000103";CPFL PEDRA PRETA;https://www.grupocpfl.com.br/unidades-de-negocios/fator-alavancagem
"09/02/2024";"15361032000190";CGH PALMEIRAS HIDRO;https://copelmercadolivre.com/monitoramento-prudencial/
"21/11/2024";"43205588000122";LUX VAREJO;https://www.luxenergia.com.br/
"17/11/2023";"33342922000136";COBALTUM COM;https://matrixenergia.com/fator-de-alavancagem
"16/11/2023";"03953509000147";CPFL GERACAO C;https://www.grupocpfl.com.br/unidades-de-negocios/fator-alavancagem
"17/11/2023";"12851098000170";GESTAMP LAGOA;https://www.echoenergia.com.br/monitoramento-prudencial-rs567
"17/11/2023";"42102025000146";COPREL COM;https://www.coprel.com.br/comercializacao
"22/11/2023";"60519634000187";CARMELO FIOR;https://www.carmelofior.com.br/
"17/11/2023";"11366468000110";UEE ILHEUS;https://www.elera.com/transparencia/
"17/11/2023";"05105045000144";NOVO MUNDO;https://grupoamper.com.br/o-grupo/geracao-de-energia
"17/11/2023";"33652516000170";CESP COM;https://www.aurenenergia.com.br/
"17/11/2023";"31918186000196";KAPPA ENERGIA;https://www.deltaenergia.com.br/
"17/11/2023";"35655024000163";TANQUE NOVO III;https://cgnbe.com.br/fator-de-alavancagem/
"21/11/2023";"06293101000184";PIAUI MILHOS APE;https://docs.google.com/spreadsheets/d/e/2PACX-1vTgri-t-vvSGgWswB1BCR8OsVC8PUtCdg-6UfxAz7dFAAo02gJELu98kVEMW-uW3FPJrMnxBRknt8_O/pubhtml
"22/08/2025";"31469641000113";PEREIRA BARRETO V;https://www.edp.com/pt-br/america-do-sul/brasil/o-que-fazemos/geracao-energia/fator-de-alavancagem
"17/11/2023";"23266854000110";BOM JESUS DA LAPA;https://cgnbe.com.br/fator-de-alavancagem/
"15/02/2024";"39702834000184";SOL SERRA DO MEL VI;https://www.voltalia.com/pt-pt/comercializadora
"17/02/2025";"10671322000116";DEAL COMERCIALIZADORA;https://dealcomercializadora.com.br/sobre/
"09/02/2024";"77758324000118";HOTEL CARIMA;https://copelmercadolivre.com/monitoramento-prudencial/
"12/01/2024";"31207208000100";JERUSALEM IV;https://www.statkraft.com.br/relacoes-com-investidores/servicos-aos-investidores/fator-de-alavancagem/
"22/12/2023";"47567006000109";CNAR;https://www.electrapower.com.br/monitoramento.php
"24/11/2023";"38183972000131";MASSARI;https://www.massarienergia.com/livre-pme
"17/11/2023";"14603978000152";LANCHINHA;https://www.echoenergia.com.br/monitoramento-prudencial-rs567
"21/11/2023";"16755810000198";CAMPO LARGO III;https://www.engie.com.br/atividades/comercializacao-de-energia/
"08/12/2023";"41944790000140";PANATI 4;https://www.spicbrasil.com.br/mercado-livre-de-energia/
"19/11/2024";"37020274000152";VENTOS DE SANTA TEREZA 07;https://www.aurenenergia.com.br/
"09/02/2024";"12320940000147";SEMEGRAO;https://copelmercadolivre.com/monitoramento-prudencial/
"22/11/2024";"12851920000100";EGPCE;https://enelcomercializadora.com.br/pt/quem-somos
"23/11/2023";"80227184000166";METAL IGUACU PG;https://www.csn.com.br/documentos-regulatorios-da-ceee-geracao/
"17/11/2023";"21959389000177";LAGOA DO BARRO VI;https://cgnbe.com.br/fator-de-alavancagem/
"22/04/2024";"29433592000117";GENIAL ENERGY VAREJISTA;https://analisa.genialinvestimentos.com.br/noticias/energia/fator-de-alavancagem/
"22/11/2024";"38130244000161";EGP AROEIRA 02;https://enelcomercializadora.com.br/pt/quem-somos
"23/11/2023";"80227184001480";METAL IGUACU GO;https://www.csn.com.br/documentos-regulatorios-da-ceee-geracao/
"16/11/2023";"28127776000196";NARDINI ENERGETICA;https://www.nardini.ind.br
"12/01/2024";"09214349000109";EOL NOVO HORIZ;https://www.statkraft.com.br/relacoes-com-investidores/servicos-aos-investidores/fator-de-alavancagem/
"23/11/2023";"56993900000131";COMPANHIA METALURGICA PRADA;https://www.csn.com.br/documentos-regulatorios-da-ceee-geracao/
"17/11/2023";"40374404000160";QUANTACOM;https://quantageracao.com.br/
"09/02/2024";"81433765000117";MUFFATAO;https://copelmercadolivre.com/monitoramento-prudencial/
"16/11/2023";"71324792000106";UTE SAO FRANCISCO;https://www.canaverde.com.br/
"17/11/2023";"31738278000194";CASTILHO SOLAR;https://www.comerc.com.br/geracao-renovavel/geracao-centralizada
"21/11/2023";"34742960000149";UFV JUAZEIRO 6;https://www.atlasrenewableenergy.com/pt-br/
"17/11/2023";"32326120000170";EOL SERRA DO MATO IV;https://www.brasil.qair.energy/projetos/ceara/serradomato/fator-de-alavancagem-sdm/
"17/11/2023";"04973790000142";CPFL BRASIL;https://cpflsolucoes.com.br/transparencia/
"17/11/2023";"07823304000106";IJUI;https://ri.alupar.com.br/outras-informacoes/central-de-downloads/
"08/01/2024";"05209046000139";RIMA;https://www.rima.com.br/monitoramento-prudential/
"09/02/2024";"30097726000155";VILA MARANHAO;https://copelmercadolivre.com/monitoramento-prudencial/
"17/11/2023";"29320977000178";VLRN 2;https://www.echoenergia.com.br/monitoramento-prudencial-rs567
"16/11/2023";"11631679000133";CPFL BIOIPE;https://www.grupocpfl.com.br/unidades-de-negocios/fator-alavancagem
"09/02/2024";"04753947000124";YAMANAKA SUPERMERCADO;https://copelmercadolivre.com/monitoramento-prudencial/
"17/11/2023";"15321064000161";VENTOS I;https://ri.alupar.com.br/outras-informacoes/central-de-downloads/
"17/11/2023";"28640358000106";EKOA ENERGIA;
"15/03/2024";"21005308000108";FC ONE;https://eneva.com.br/monitoramento-prudencial/
"09/02/2024";"21169348000349";ALB INCORPORADORA;https://copelmercadolivre.com/monitoramento-prudencial/
"09/02/2024";"20040441000124";LATICINIO MILKLAT;https://copelmercadolivre.com/monitoramento-prudencial/
"09/02/2024";"81270548000153";UOPECCAN;https://copelmercadolivre.com/monitoramento-prudencial/
"07/08/2025";"45193443000184";UFV ASSU SOL 12 PIE;https://www.engie.com.br/atividades/comercializacao-de-energia/
"07/08/2025";"45176166000100";UFV ASSU SOL 14 PIE;https://www.engie.com.br/atividades/comercializacao-de-energia/
"07/08/2025";"45176048000193";UFV ASSU SOL 11 PIE;https://www.engie.com.br/atividades/comercializacao-de-energia/
"22/08/2025";"47034101000147";SERRA DA BORBOREMA IV I50 I5;https://www.edp.com/pt-br/america-do-sul/brasil/o-que-fazemos/geracao-energia/fator-de-alavancagem
"27/03/2025";"47995461000105";ETRR;https://br.ternium.com/pt/sustentabilidade/em produção
"22/11/2023";"06931598000119";NOVA INJECAO;https://novainjecao.com.br/site/
"17/11/2023";"30039570000156";CHAFARIZ5;https://www.neoenergia.com/web/produtos-e-solucoes/fator-de-alavancagem
"17/11/2023";"34011705000126";VES 2;https://www.echoenergia.com.br/monitoramento-prudencial-rs567
"17/11/2023";"42455678000109";VENTOS DE SAO JEREMIAS;https://casadosventos.com.br/monitoramento-prudencial
"19/02/2024";"45829681000133";PACIFICO COMERCIALIZADORA;https://pacificoenergia.com.br/#seguranca-mercado
"24/11/2023";"07799995000141";BAGUARI;
"08/11/2023";"15458171000217";MIGRATIO SC;https://www.migratio.com.br
"15/12/2023";"37640312000170";MENDUBIM GERACAO;https://scatec.com/locations/brazil/#mendubim-brazil-530-mw
"16/11/2023";"12864421000140";CPFL ATLANTICA V;https://www.grupocpfl.com.br/unidades-de-negocios/fator-alavancagem
"17/11/2023";"42745743000130";VENTOS DE SANTA AUREA;https://casadosventos.com.br/monitoramento-prudencial
"17/11/2023";"35859013000103";VENTOS DE SAO JULIO I;https://casadosventos.com.br/monitoramento-prudencial
"19/11/2024";"12108854000175";EOLICA ICARAI;https://www.aurenenergia.com.br/
"17/11/2023";"22845499000170";PCH CABIXI;https://app.powerbi.com/view?r=eyJrIjoiNjNmMTI4ZmEtOGRjOS00YzhkLWI5ZDYtN2RmMjJhMmEyZmI2IiwidCI6IjcxZTE0OTYwLWRkMzEtNDQ2NS1iMmYyLTU2YWJhZGZiMTAwOCJ9
"09/02/2024";"12723444000134";OLHODAGUA;https://copelmercadolivre.com/monitoramento-prudencial/
"17/11/2023";"40077641000169";UPI SAO LUIZ COGEN;https://www.saoluizbioenergia.com.br/
"08/12/2023";"42078608000189";PANATI 6;https://www.spicbrasil.com.br/mercado-livre-de-energia/
"19/11/2024";"12041341000194";UEE BORGO;https://www.aurenenergia.com.br/
"17/11/2023";"42538261000100";VENTOS DE SAO MARIANO;https://casadosventos.com.br/monitoramento-prudencial
"22/11/2024";"29552939000140";EGP SANTA ANGELA 20;https://enelcomercializadora.com.br/pt/quem-somos
"22/11/2023";"09528781000166";CGH BURITIRANA;https://zxenergia.com.br/
"12/01/2024";"31232196000173";BOQUEIRAO II;https://www.statkraft.com.br/relacoes-com-investidores/servicos-aos-investidores/fator-de-alavancagem/
"22/11/2024";"31596769000148";EGP VENTOS SAO ROQUE 22 I5;https://enelcomercializadora.com.br/pt/quem-somos
"17/11/2023";"30567603000130";ALEX V;https://www.elera.com/transparencia/
"22/11/2024";"36051524000159";EGP VENTOS SAO ROQUE 07;https://enelcomercializadora.com.br/pt/quem-somos
"17/11/2023";"21642355000154";ARGON;http://argonenergias.com.br/
"17/11/2023";"22548637000150";CHAFARIZ 2;https://www.neoenergia.com/web/produtos-e-solucoes/fator-de-alavancagem
"22/11/2024";"31596016000132";EGP VENTOS SAO ROQUE 18;https://enelcomercializadora.com.br/pt/quem-somos
"22/11/2023";"01703119000193";ALFAGRES I5 2;https://www.alfagres.com.br/
"16/09/2025";"31864869000299";BPENERGIA COM;https://www.bp.com/pt_br/brazil/home/produtos-e-servicos/bpce.html
"21/11/2023";"17112981000161";SIMPLE;https://simpleenergy.com.br/fator-de-alavancagem/
"17/11/2023";"11371340000145";UEE CONCEICAO;https://www.elera.com/transparencia/
"16/11/2023";"09665392000182";CPFL COSTA BRANCA;https://www.grupocpfl.com.br/unidades-de-negocios/fator-alavancagem
"17/11/2023";"07393256000155";DIFERENCIAL;https://diferencialenergia.com.br
"21/11/2023";"00338678000189";VITORIA STONE SA;https://vitoriastone.com/en-us/home
"16/11/2023";"11083857000139";CPFL MATA VELHA;https://www.grupocpfl.com.br/unidades-de-negocios/fator-alavancagem
"22/11/2024";"23399589000148";HORIZONTE MP;https://enelcomercializadora.com.br/pt/quem-somos
"09/02/2024";"29433969000138";SRMN III;https://copelmercadolivre.com/monitoramento-prudencial/
"20/11/2023";"04591168000170";FOZ DO CHAPECO;http://www.fozdochapeco.com.br/usina/
"17/11/2023";"37381300000178";JANAUBA XI;https://www.elera.com/transparencia/
"12/01/2024";"35636507000110";OSLO III;https://www.statkraft.com.br/relacoes-com-investidores/servicos-aos-investidores/fator-de-alavancagem/
"17/11/2023";"36328479000137";CEAM;https://www.altamogiana.com.br/
"09/02/2024";"21216877000194";EOL SAO BENTO DO NORTE II;https://copelmercadolivre.com/monitoramento-prudencial/
"22/08/2025";"47027303000161";ITA II I5;https://www.edp.com/pt-br/america-do-sul/brasil/o-que-fazemos/geracao-energia/fator-de-alavancagem
"16/11/2023";"09079069000127";CPFL VARZEA ALEGRE;https://www.grupocpfl.com.br/unidades-de-negocios/fator-alavancagem
"07/08/2025";"24525688000191";SOL DO FUTURO II;https://www.engie.com.br/atividades/comercializacao-de-energia/
"07/08/2025";"31321803000171";LAR DO SOL I;https://www.engie.com.br/atividades/comercializacao-de-energia/
"01/12/2023";"18747456000185";GASCOM;https://cmuenergia.com.br/
"17/11/2023";"21013993000106";SAO CLEMENTE V;https://www.echoenergia.com.br/monitoramento-prudencial-rs567
"22/11/2024";"39334976000136";EGP AROEIRA 04;https://enelcomercializadora.com.br/pt/quem-somos
"19/11/2024";"35806317000102";TUCANO F2 GERACAO;https://www.aurenenergia.com.br/
"22/11/2024";"39364731000151";EGP AROEIRA 03;https://enelcomercializadora.com.br/pt/quem-somos
"22/11/2024";"21619094000151";ENEL NORTE SOLAR;https://enelcomercializadora.com.br/pt/quem-somos
"17/11/2023";"43308969000137";VITOL POWER;https://www.vitol.com/vitol-power-brasil-documents/
"17/11/2023";"35842703000141";ACAUÃ I;https://ri.aliancaenergia.com.br/alianca/monitoramento-prudencial-ccee/
"17/11/2023";"42495343000114";VENTOS DE SAO GALDINO;https://casadosventos.com.br/monitoramento-prudencial
"02/12/2024";"02808498000149";CGH D MIRIAN I5;https://partnerenergy.com.br/gestao-de-usinas-e-geradores/
"17/11/2023";"35865649000150";VENTOS DE SAO LUCIO I;https://casadosventos.com.br/monitoramento-prudencial
"22/11/2024";"07282383000187";QUATIARA ENERG;https://enelcomercializadora.com.br/pt/quem-somos
"19/11/2024";"11204086000190";UEE V NORDESTE;https://www.aurenenergia.com.br/
"17/11/2023";"22777483000178";VENTOS DE SAO GALVAO;https://casadosventos.com.br/monitoramento-prudencial
"17/11/2023";"35655010000140";TANQUE NOVO VII;https://cgnbe.com.br/fator-de-alavancagem/
"22/12/2023";"22084882000153";MACQUARIE ENERGIA;https://www.macquarie.com/br/en.html
"09/02/2024";"35823577000188";JANDAIRA IV;https://copelmercadolivre.com/monitoramento-prudencial/
"17/11/2023";"15674987000105";VENTOS STO AUGUSTO I;https://www.aurenenergia.com.br/
"07/08/2025";"30006065000105";SOLAR BARREIRAS IV;https://www.engie.com.br/atividades/comercializacao-de-energia/
"24/11/2023";"43545284000104";UTE CASA DE FORCA;http://www.alcoeste.com.br/?pg=produtos
"23/11/2023";"05263973000137";CEMIG TRADING;https://www.cemig.com.br/monitoramento-prudencial/
"09/02/2024";"04613547000113";GRASP;https://copelmercadolivre.com/monitoramento-prudencial/
"17/11/2023";"03149173000164";PCH FERRADURA;https://www.btgeradora.com.br
"17/11/2023";"10408112000130";SAO RAIMUNDO I5;https://ri.aliancaenergia.com.br/alianca/monitoramento-prudencial-ccee/
"22/11/2024";"42627352000111";EGP ARINOS 17;https://enelcomercializadora.com.br/pt/quem-somos
"04/03/2024";"37427691000114";UFV XAXADO 3;https://recurrentenergy.com/compliance/brazil/
"17/11/2023";"19588049000135";SANTANA 2;https://www.neoenergia.com/web/produtos-e-solucoes/fator-de-alavancagem
"15/02/2024";"34327409000139";EOL POTIGUAR B32;https://www.voltalia.com/pt-pt/comercializadora
"17/11/2023";"29481536000158";ANEMUS WIND 1;https://2wecobank.com.br/fator-de-alavancagem/
"21/11/2023";"16756341000121";CAMPO LARGO IV;https://www.engie.com.br/atividades/comercializacao-de-energia/
"11/01/2024";"01395648000177";ALTO JAURU;https://www.brennandenergia.com.br/transparencia/fator-de-alavancagem/
"22/11/2023";"85235430000145";COTESA;https://cotesaenergia.com.br/cotesa-energia-fator-alavancagem/
"09/11/2023";"11476987000131";ICARAI I;https://ibituenergia.com/ccee/
"30/11/2023";"18265320000139";FORTE_12;http://www.gruposerveng.com.br/alavancagem
"24/11/2023";"00913443000173";RENAULT;
"31/01/2025";"07131859000189";BRADESCO ENERGIA;https://banco.bradesco/energia/
"22/11/2023";"38227600000160";ZEM ENERGY;https://mezenergia.com/comercializacao/
"15/03/2024";"37349892000140";SPE FUTURA_2;https://eneva.com.br/monitoramento-prudencial/
"16/11/2023";"29000095000125";TEMPO ENERGIA;https://tempoenergia.com.br/fator-de-alavancagem/
"17/11/2023";"42745758000107";VENTOS DE SANTA CLOTILDE;https://casadosventos.com.br/monitoramento-prudencial
"17/11/2023";"10272489000104";GARROTE;https://ri.aliancaenergia.com.br/alianca/monitoramento-prudencial-ccee/
"01/12/2023";"12019580000148";CMU COM VAREJISTA;https://cmuenergia.com.br/
"30/01/2024";"09568947000178";BAGUARI ENERG;
"10/11/2023";"35000234000113";GCA;https://gcacomercializadora.com/
"07/08/2025";"29958296000130";SOLAR BARREIRAS II;https://www.engie.com.br/atividades/comercializacao-de-energia/
"19/11/2024";"17875270000149";VENTOS DE SANTA BRIGIDA VII;https://www.aurenenergia.com.br/
"19/11/2024";"11839616000177";MIA 3;https://www.aurenenergia.com.br/
"13/12/2023";"33457932000117";CAETITÉ D;https://simpleenergy.com.br/fator-de-alavancagem/
"09/11/2023";"12964095000142";LIRA;https://ibituenergia.com/ccee/
"24/03/2025";"44394907000158";EOL CASQUEIRA I I5;https://simpleenergy.com.br/fator-de-alavancagem/
"01/12/2023";"13137827000193";CMU TR;https://cmuenergia.com.br/
"15/09/2025";"43213694000158";RD COM;https://ri.rededorsaoluiz.com.br/fator-de-alavancagem-ccee/
"22/11/2024";"29325940000132";EGP SAO GONCALO 21;https://enelcomercializadora.com.br/pt/quem-somos
"21/11/2023";"09625739000163";GERAMAMORE;https://www.engie.com.br/atividades/comercializacao-de-energia/
"24/11/2023";"30834939000112";FLASH ENERGY;https://flashenergy.com.br/fator-alavancagem
"14/10/2024";"47085298000143";TRINDADE ENERGIA;https://www.paratyenergia.com.br/fator-de-alavancagem/
"28/11/2023";"11085823000183";AMERICA;https://www.americaenergia.com.br/
"17/11/2023";"30299434000103";UFV BRIGIDA 2 I5;https://www.comerc.com.br/geracao-renovavel/geracao-centralizada
"17/11/2023";"06252818000188";ABENGOA AGROIN;https://www.coxabengoa.com/
"17/11/2023";"34211484000130";OITIS 4 I50;https://www.neoenergia.com/web/produtos-e-solucoes/fator-de-alavancagem
"27/11/2023";"35788153000120";GRAM;https://simpleenergy.com.br/fator-de-alavancagem/
"17/11/2023";"35407870000164";UFV SOL DO PIAUI;https://www.aurenenergia.com.br/
"17/11/2023";"35865638000170";VENTOS DE SAO JOAO XXIII;https://casadosventos.com.br/monitoramento-prudencial
"16/11/2023";"10797891000102";CPFL CAMPOS DOS VENTOS III;https://www.grupocpfl.com.br/unidades-de-negocios/fator-alavancagem
"17/11/2023";"33511255000178";EOL AFB II;https://www.brasil.qair.energy/projetos/rio-grande-do-norte/afonso-bezerra/fator-de-alavancagem-afb/
"24/11/2023";"15042149000100";LOG ENERGIA;https://www.logenergia.com.br/fator-de-alavancagem/
"22/08/2025";"04959392000171";CENAEEL;https://www.edp.com/pt-br/america-do-sul/brasil/o-que-fazemos/geracao-energia/fator-de-alavancagem
"22/11/2023";"18753150000131";BIO UNIVALEM;https://energia.raizen.com.br/mercado-livre
"17/11/2023";"15253350000137";VENTOS X;https://ri.alupar.com.br/outras-informacoes/central-de-downloads/
"16/11/2023";"19448874000134";PCH JUINA;https://app.powerbi.com/view?r=eyJrIjoiOTM2NDliMDMtNWEzMy00MWQ1LWI1OTMtOTE4ZTBhYmE0MDA2IiwidCI6IjcxZTE0OTYwLWRkMzEtNDQ2NS1iMmYyLTU2YWJhZGZiMTAwOCJ9
"24/11/2023";"19694146000102";SDV IV;https://pecenergia.sharepoint.com/:f:/r/sites/Externo/Engeform%20Energia/Fator%20de%20Alavancagem?csf=1&web=1&e=mjATnz
"17/11/2023";"35633292000184";IPE COM;https://grupobcenergia.com.br/
"17/11/2023";"39237248000106";PONTOON CONV SE;https://www.energiafacil.tech/monitoramento_prudencial
"17/11/2023";"19944650000113";STA VITORIA PALMAR VI;https://cgnbe.com.br/fator-de-alavancagem/
"16/11/2023";"44836856000177";VISTA ALEGRE;https://vistalegre.ind.br/
"17/11/2023";"21840617000195";VENTOS DE SAO VINICIUS;https://www.aurenenergia.com.br/
"07/08/2025";"47149012000146";EOL SERRA DO ASSURUA 8 APE;https://www.engie.com.br/atividades/comercializacao-de-energia/
"17/11/2023";"11944524000157";ARIZONA 1;https://www.neoenergia.com/web/produtos-e-solucoes/fator-de-alavancagem
"21/03/2025";"32818998000122";ENNER;https://www.ccee.org.br/web/guest/fator-de-alavancagem
"22/11/2024";"29310192000114";EGP SAO GONCALO 2;https://enelcomercializadora.com.br/pt/quem-somos
"21/11/2023";"04100556000100";ENGIE BR COM;https://www.engie.com.br/atividades/comercializacao-de-energia/
"17/11/2023";"37380859000183";JANAUBA VII;https://www.elera.com/transparencia/
"22/12/2023";"14659499000158";PCH RENIC;https://www.electrapower.com.br/monitoramento.php
"21/11/2023";"23741520000150";ENGIE SOLAR FLORESTA II;https://www.engie.com.br/atividades/comercializacao-de-energia/
"22/08/2025";"17227909000180";EOLICA JAU;https://www.edp.com/pt-br/america-do-sul/brasil/o-que-fazemos/geracao-energia/fator-de-alavancagem
"17/11/2023";"07852914000120";PCH - ZECA GOLIN;https://paineirapar.com.br/ccee-fa/
"22/11/2024";"29310217000180";EGP SANTA ANGELA 13;https://enelcomercializadora.com.br/pt/quem-somos
"17/11/2023";"04310086000100";MIL ENERGIA RENOVAVEL;https://preciouswoods.com.br/
"19/11/2024";"36957862000154";VENTOS DE SAO RICARDO 11;https://www.aurenenergia.com.br/
"22/12/2023";"07356196000109";EPOWER;https://www.electrapower.com.br/monitoramento.php
"17/11/2023";"14675949000104";VENTOS DE SAO BENTO;https://casadosventos.com.br/monitoramento-prudencial
"20/11/2023";"04944877000191";GENESIS ENERG;https://app.powerbi.com/view?r=eyJrIjoiMmI5NGZlMzQtZGMwOC00NzJjLWJlMGYtOWQ2NjY5MzFhNmU0IiwidCI6IjcxZTE0OTYwLWRkMzEtNDQ2NS1iMmYyLTU2YWJhZGZiMTAwOCJ9
"24/06/2024";"01192333000122";HONDA;https://www.honda.com.br/institucional/honda-energy
"23/11/2023";"08902291000115";CSN MINERACAO;https://www.csn.com.br/documentos-regulatorios-da-ceee-geracao/
"18/10/2024";"07971955000135";TEXTIL UNIAO;https://casadosventos.com.br/monitoramento-prudencial
"21/12/2023";"45992184000151";SOL DE PONTA NEGRA M X;https://scatec.com/locations/brazil/#mendubim-brazil-530-mw
"22/11/2024";"38091465000178";EGP AROEIRA 05;https://enelcomercializadora.com.br/pt/quem-somos
"17/11/2023";"42740798000158";VENTOS DE SANTA FLAVIA;https://casadosventos.com.br/monitoramento-prudencial
"16/11/2023";"08377974000109";CPFL SANTA LUZIA;https://www.grupocpfl.com.br/unidades-de-negocios/fator-alavancagem
"22/11/2024";"21556441000144";EOL DELFINA B;https://enelcomercializadora.com.br/pt/quem-somos
"22/11/2024";"31210772000181";EGP CUMARU 05;https://enelcomercializadora.com.br/pt/quem-somos
"24/11/2023";"31689320000124";UNIVERSAL COM;https://universalenergia.com.br/informacoes/
"08/12/2023";"42073755000166";SITIA1;https://www.spicbrasil.com.br/mercado-livre-de-energia/
"09/11/2023";"12960065000168";BARTOLOMEU;https://ibituenergia.com/ccee/
"30/11/2023";"02998301000181";RIO PARANAPAN;https://ri.ctgbr.com.br/governanca-corporativa/monitoramento-prudencial/
"24/11/2023";"30693787000185";ENERGIZOU;https://blog.energizou.com.br/monitoramento-prudencial-ccee/
"17/11/2023";"33881227000142";CONTINENTAL COM;https://electraenergy.com.br/fator-de-alavancagem-ccee/
"21/11/2023";"15667402000111";SIMPLE ASSESSORIA;https://simpleenergy.com.br/fator-de-alavancagem/
"12/01/2024";"35639141000133";OSLO VIII ACL;https://www.statkraft.com.br/relacoes-com-investidores/servicos-aos-investidores/fator-de-alavancagem/
"17/11/2023";"18384740000134";GRUPO BC;https://grupobcenergia.com.br/
"09/02/2024";"12802866000103";NOVA EURUS IV;https://copelmercadolivre.com/monitoramento-prudencial/
"17/11/2023";"42745764000156";VENTOS DE SANTA ISABEL;https://casadosventos.com.br/monitoramento-prudencial
"17/11/2023";"32398775000153";EOL SERROTE_I;https://www.brasil.qair.energy/projetos/ceara/complexo-ser/fator-de-alavancagem-ser/
"16/11/2023";"09551294000114";CPFL BOA VISTA 2;https://www.grupocpfl.com.br/unidades-de-negocios/fator-alavancagem
"24/11/2023";"47080619000117";GUARANI;https://br.tereos.com/pt-pt/sobreatereos/financas/annual-report/
"22/11/2024";"42630752000186";EGP ARINOS 24;https://enelcomercializadora.com.br/pt/quem-somos
"15/12/2023";"37995380000151";UFV JAÍBA CE;https://www.aurenenergia.com.br/
"11/01/2024";"10359802000146";BI COM;https://www.brennandinvestimentos.com.br/transparencia/fator-de-alavancagem/
"17/11/2023";"47902283000120";USINA SONORA PIE;https://www.usinasonora-ms.com.br/fator-de-alavancagem#inicio
"21/11/2023";"23741544000100";ENGIE SOLAR PARACATU I;https://www.engie.com.br/atividades/comercializacao-de-energia/
"21/11/2023";"37258369000109";MILL;https://millenergia.com.br/canal-de-divulgacao-do-fator-de-alavancagem/
"09/11/2023";"12960127000131";NOTUS;https://ibituenergia.com/ccee/
"16/11/2023";"13438769000138";CPFL MOHINI;https://www.grupocpfl.com.br/unidades-de-negocios/fator-alavancagem
"24/11/2023";"30195195000133";BOREAL COM;https://www.borealenergia.com.br/quem-somos.php
"17/11/2023";"12229415000110";CORURIPE ACUCAR E ALCOOL;https://www.usinacoruripe.com.br/
"22/11/2024";"29552535000157";ENEL SANTA ANGELA 11;https://enelcomercializadora.com.br/pt/quem-somos
"14/12/2023";"09283886000100";VENTOS;https://app.powerbi.com/view?r=eyJrIjoiZWE5MzZmMGEtMTIxNC00N2VhLWE5MzUtMDYwZDhiOTFlYTkyIiwidCI6IjcxZTE0OTYwLWRkMzEtNDQ2NS1iMmYyLTU2YWJhZGZiMTAwOCJ9
"16/11/2023";"10369836000111";CPFL FAROL DE TOUROS;https://www.grupocpfl.com.br/unidades-de-negocios/fator-alavancagem
"17/11/2023";"38263175000164";EOL SERIDO I;https://www.elera.com/transparencia/
"16/11/2023";"24510849000173";MINERVA COM;https://minervafoods.com/minerva-energia/#main_banner-block_637e2bb84d73e
"17/11/2023";"12833899000102";ELERA RE IV;https://www.elera.com/transparencia/
"22/11/2024";"42637743000117";EGP ARINOS 11;https://enelcomercializadora.com.br/pt/quem-somos
"15/02/2024";"39702815000158";SOL SERRA DO MEL IV;https://www.voltalia.com/pt-pt/comercializadora
"17/11/2023";"10235093000197";UTE ILHA;https://site.usinasantaadelia.com.br/
"17/11/2023";"37381255000151";JANAUBA IV;https://www.elera.com/transparencia/
"17/11/2023";"11652254000100";EOL FAISA V;https://www.elera.com/transparencia/
"16/02/2024";"42066920000152";MARANGATU 8;https://www.spicbrasil.com.br/mercado-livre-de-energia/
"17/11/2023";"11619388000120";EOL FAISA II;https://www.elera.com/transparencia/
"16/11/2023";"13330011000181";CPFL VENTOS DE SAO MARTINHO;https://www.grupocpfl.com.br/unidades-de-negocios/fator-alavancagem
"16/02/2024";"42066958000125";MARANGATU 10;https://www.spicbrasil.com.br/mercado-livre-de-energia/
"16/11/2023";"44209336000134";UTE USJ;http://WWW.USJ.COM.BR
"07/08/2025";"24302618000174";JUAZEIRO SOLAR I;https://www.engie.com.br/atividades/comercializacao-de-energia/
"09/11/2023";"12960110000184";FLORENZ;https://ibituenergia.com/ccee/
"17/11/2023";"36127475000190";DELTA FUND III;https://www.deltaenergia.com.br/
"24/03/2025";"33010786000187";CITROSUCO AGRO APE;https://www.aurenenergia.com.br/
"16/02/2024";"10732440000197";COMERC POWER;https://www.comerc.com.br/monitoramento-prudencial
"09/02/2024";"04557307000149";ELEJOR;https://copelmercadolivre.com/monitoramento-prudencial/
"16/11/2023";"07783055000164";RBE;https://www.rbe.com.br/
"22/11/2024";"19011517000104";ESPERANCA EOLICA;https://enelcomercializadora.com.br/pt/quem-somos
"16/02/2024";"42066942000112";MARANGATU 9;https://www.spicbrasil.com.br/mercado-livre-de-energia/
"17/11/2023";"12158428000146";CAETITE 1;https://www.neoenergia.com/web/produtos-e-solucoes/fator-de-alavancagem
"04/03/2024";"34705208000128";JAIBA SE1 I5;https://recurrentenergy.com/compliance/brazil/
"17/11/2023";"11363327000144";UEE PLANALTINA;https://www.elera.com/transparencia/
"23/11/2023";"27093977000157";DIAMANTE GERACAO;https://diamanteenergia.com/fator-de-alavancagem/
"22/11/2024";"19046080000144";DAMASCENA EOLICA;https://enelcomercializadora.com.br/pt/quem-somos
"23/11/2023";"60869336000117";HOLCIM;https://www.csn.com.br/documentos-regulatorios-da-ceee-geracao/
"09/02/2024";"35540155000103";NUTRIENTES I5;https://copelmercadolivre.com/monitoramento-prudencial/
"19/11/2024";"36957768000103";VENTOS DE SANTA TEREZA 10;https://www.aurenenergia.com.br/
"21/11/2023";"32222320000182";LAR DO SOL VI;https://www.atlasrenewableenergy.com/pt-br/
"07/08/2025";"24514760000185";SOL DO FUTURO I;https://www.engie.com.br/atividades/comercializacao-de-energia/
"22/11/2023";"17692540000186";TAPUIAS;https://zxenergia.com.br/
"15/02/2024";"35856369000185";PCH CABUÍ;https://www.voltalia.com/pt-pt/comercializadora
"09/02/2024";"33016338000271";SWEDISH MATCH ESPECIAL;https://copelmercadolivre.com/monitoramento-prudencial/
"07/03/2025";"05364327000166";ROFATTO;https://partnerenergy.com.br/gestao-de-usinas-e-geradores/
"10/11/2023";"15137796000104";BRASCAN CENTURY PLAZA;https://www.naoseaplica.com.br
"16/07/2024";"08976495000109";ENERGIA PECEM;https://energiapecem.com/fator/
"22/11/2024";"29576419000178";EGP SANTA ANGELA 14;https://enelcomercializadora.com.br/pt/quem-somos
"24/11/2023";"10466806000123";SPOT ENERGIA;https://spotenergia.com.br/?page_id=7371
"19/11/2024";"37002801000104";VENTOS DE SANTA TEREZA 04;https://www.aurenenergia.com.br/
"22/12/2023";"19382073000113";UFV PITOMBEIRA;https://ri.alupar.com.br/outras-informacoes/central-de-downloads/
"04/03/2024";"35357719000169";LAVRAS 7;https://recurrentenergy.com/compliance/brazil/
"22/11/2024";"04158565000152";ISAMU IKEDA;https://enelcomercializadora.com.br/pt/quem-somos
"17/04/2025";"33541368000116";CHESF;https://eletrobras.com/pt/Paginas/Monitoramento-Prudencial.aspx
"22/11/2024";"14423010000144";EGP JOANA;https://enelcomercializadora.com.br/pt/quem-somos
"19/11/2024";"36957817000108";VENTOS DE SANTA TEREZA 08;https://www.aurenenergia.com.br/
"17/11/2023";"32168500000123";OLYMPE;https://www.olympeenergia.com.br/quem-somos
"10/11/2023";"34979359000174";DURAPETS;https://www.naoseaplica.com.br
"14/10/2024";"31102147000116";PARATY;https://www.paratyenergia.com.br/fator-de-alavancagem/
"17/11/2023";"02216104000163";INDUSTRIAS BECKER;https://www.industriasbecker.com.br/
"17/11/2023";"03356967000107";ENERCAN;http://enercan.com.br/
"17/11/2023";"21540713000118";CANOAS;https://www.neoenergia.com/web/produtos-e-solucoes/fator-de-alavancagem
"17/11/2023";"19560837000113";CALANGO 6;https://www.neoenergia.com/web/produtos-e-solucoes/fator-de-alavancagem
"09/02/2024";"23437255000111";RECANTO VERDE;https://copelmercadolivre.com/monitoramento-prudencial/
"22/11/2023";"23865997000148";SFE GUARANI;https://globalparticipacoesenergia.com.br/
"16/11/2023";"12652614000137";CPFL EURUS I;https://www.grupocpfl.com.br/unidades-de-negocios/fator-alavancagem
"17/11/2023";"21959361000130";LAGOA DO BARRO VIII;https://cgnbe.com.br/fator-de-alavancagem/
"02/01/2024";"31512081000132";BRAVO (PERFIL AGENTE);https://bravoenergia.ai/comercializacao/
"16/11/2023";"11631680000168";CPFL BIOPEDRA;https://www.grupocpfl.com.br/unidades-de-negocios/fator-alavancagem
"16/11/2023";"11631681000102";CPFL BIOBURITI;https://www.grupocpfl.com.br/unidades-de-negocios/fator-alavancagem
"24/11/2023";"23274194000119";FURNAS INE;https://www.furnas.com.br/
"17/11/2023";"05774615000199";EEPP;https://docs.google.com/spreadsheets/d/e/2PACX-1vQPw9AkiwLACn4m9BwL6jk6D0PETvdBaWr439rzJgcqRcmFVHXdImquksqpPTcCvwHwPt-31F106c8z/pubhtml
"15/03/2024";"07760179000124";FOCUS;https://eneva.com.br/monitoramento-prudencial/
"17/11/2023";"32398772000110";EOL SERROTE_IV;https://www.brasil.qair.energy/projetos/ceara/complexo-ser/fator-de-alavancagem-ser/
"09/02/2024";"75263921000146";ESCOLA PARANAENSE;https://copelmercadolivre.com/monitoramento-prudencial/
"09/02/2024";"08149559000190";FRIELLA;https://copelmercadolivre.com/monitoramento-prudencial/
"22/08/2025";"47027402000143";SDO II I5;https://www.edp.com/pt-br/america-do-sul/brasil/o-que-fazemos/geracao-energia/fator-de-alavancagem
"09/02/2024";"04208296000191";SOORO;https://copelmercadolivre.com/monitoramento-prudencial/
"20/12/2024";"05193785000260";BLUEBENLIV;
"07/08/2025";"45176024000134";UFV ASSU SOL 10 PIE;https://www.engie.com.br/atividades/comercializacao-de-energia/
"12/01/2024";"42615130000189";MORRO DO CRUZEIRO I;https://www.statkraft.com.br/relacoes-com-investidores/servicos-aos-investidores/fator-de-alavancagem/
"10/04/2025";"15087610000141";ELETRON;
"16/11/2023";"40382949000118";DANSKE COM;https://danskecommodities.com/regulatory-information
"09/11/2023";"15253791000139";VENTOS VII;https://www.brasilventos.com.br/monitoramentoprudencial
"23/11/2023";"39881421000104";CEEE-G CONV;https://www.csn.com.br/documentos-regulatorios-da-ceee-geracao/
"16/11/2023";"10401225000103";CPFL COSTA DAS DUNAS;https://www.grupocpfl.com.br/unidades-de-negocios/fator-alavancagem
"22/11/2024";"31595917000100";EGP VENTOS SAO ROQUE 11;https://enelcomercializadora.com.br/pt/quem-somos
"17/11/2023";"09199675000186";SERRA DOS CAVALINHOS I;https://www.elera.com/transparencia/
"17/11/2023";"19560874000121";SANTANA 1;https://www.neoenergia.com/web/produtos-e-solucoes/fator-de-alavancagem
"17/11/2023";"20024516000183";GEOCV II;https://www.echoenergia.com.br/monitoramento-prudencial-rs567
"17/11/2023";"10797904000143";RENASCENCA V;https://cgnbe.com.br/fator-de-alavancagem/
"17/11/2023";"23566105000108";NOVA OLINDA NORTE;https://cgnbe.com.br/fator-de-alavancagem/
"17/11/2023";"20589037000104";FCR VII;https://www.comerc.com.br/geracao-renovavel/geracao-centralizada
"02/04/2024";"10656452000180";VCNNE;https://www.votorantimcimentos.com.br/monitoramento-prudencial/
"17/11/2023";"03966583000106";DMEE;https://www.dmepc.com.br/comercializacao/monitoramento-prudencial-ccee
"13/12/2023";"19560868000174";ITAREMA V;https://simpleenergy.com.br/fator-de-alavancagem/
"27/11/2023";"17469701018890";AMB ARCELORMITTAL;https://brasil.arcelormittal.com/sustentabilidade/meio-ambiente/fator-alavancagem-ccee
"12/01/2024";"35654188000176";OSLO X;https://www.statkraft.com.br/relacoes-com-investidores/servicos-aos-investidores/fator-de-alavancagem/
"17/11/2023";"36159672000191";SDM UFV IV;https://www.brasil.qair.energy/projetos/ceara/serradomato/fator-de-alavancagem-sdm/
"15/02/2024";"14535540000184";SANTO CRISTO;https://www.voltalia.com/pt-pt/comercializadora
"22/11/2024";"29618737000154";EGP SAO GONCALO 7;https://enelcomercializadora.com.br/pt/quem-somos
"17/11/2023";"21484454000155";MERCATTO ENERGIA;https://www.mercattoenergia.com.br/Comercializacao-de-Energia
"16/11/2023";"11686150000117";CPFL MORRO DOS VENTOS VI;https://www.grupocpfl.com.br/unidades-de-negocios/fator-alavancagem
"13/12/2023";"30234798000105";SERRA BABILONIA F;https://simpleenergy.com.br/fator-de-alavancagem/
"17/11/2023";"33053228000107";PALADIUM COM;https://matrixenergia.com/fator-de-alavancagem
"17/11/2023";"15355485000103";ENERPLAN III;https://www.elera.com/transparencia/
"21/12/2023";"45992085000170";SOL DE MARACAJAU M VIII;https://scatec.com/locations/brazil/#mendubim-brazil-530-mw
"15/02/2024";"14535588000192";CARNAUBA;https://www.voltalia.com/pt-pt/comercializadora
"16/11/2023";"05313891000150";CPFL LUDESA;https://www.grupocpfl.com.br/unidades-de-negocios/fator-alavancagem
"22/11/2024";"29559160000157";EGP SANTA ANGELA 08;https://enelcomercializadora.com.br/pt/quem-somos
"17/11/2023";"42773707000180";VENTOS DE SANTA CRISTINA;https://casadosventos.com.br/monitoramento-prudencial
"17/11/2023";"39953546000100";COMEL;https://comelenergia.wordpress.com/2023/11/03/fator-de-alavancagem/
"09/11/2023";"11477001000148";ICARAI II;https://ibituenergia.com/ccee/
"17/11/2023";"21540731000108";LAGOA 2;https://www.neoenergia.com/web/produtos-e-solucoes/fator-de-alavancagem
"22/11/2024";"25176391000120";VOLTA GRANDE;https://enelcomercializadora.com.br/pt/quem-somos
"29/12/2023";"43854903000142";KARPOWERSHIP BRASIL;https://karpowershipbrasil.com.br/
"10/11/2023";"09489886000153";PCH PIRACICABA;https://partnerservices.com.br/gestao-de-usinas-e-geradores/
"17/11/2023";"37381136000107";JANAUBA XX;https://www.elera.com/transparencia/
"17/11/2023";"40013027000133";VENTOS DE SANTA SONIA;https://casadosventos.com.br/monitoramento-prudencial
"08/12/2023";"47938218000155";SITIA 2;https://www.spicbrasil.com.br/mercado-livre-de-energia/
"13/12/2023";"30063842000153";SERRA BABILONIA A;https://simpleenergy.com.br/fator-de-alavancagem/
"13/12/2023";"20533473000161";ITAREMA VII;https://simpleenergy.com.br/fator-de-alavancagem/
"13/12/2023";"16775973000132";RIO ENERGY;https://simpleenergy.com.br/fator-de-alavancagem/
"26/06/2025";"23412242000198";BEM COMERCIALIZADORA;https://bemenergia.com/fator-de-alavancagem/
"22/08/2025";"31469895000131";PEREIRA BARRETO II;https://www.edp.com/pt-br/america-do-sul/brasil/o-que-fazemos/geracao-energia/fator-de-alavancagem
"12/01/2024";"30785922000112";JERUSALEM I;https://www.statkraft.com.br/relacoes-com-investidores/servicos-aos-investidores/fator-de-alavancagem/
"15/02/2024";"14527003000192";REDUTO;https://www.voltalia.com/pt-pt/comercializadora
"22/11/2024";"29579544000131";EGP SANTA ESPERANCA 21;https://enelcomercializadora.com.br/pt/quem-somos
"18/03/2024";"77752293000198";LAR;https://www.lar.ind.br/fator-de-alavancagem/
"17/11/2023";"10334842000133";FOZDOESTRELA;https://www.elera.com/transparencia/
"17/11/2023";"40114336000108";GERADORA HELIO VALGAS V;https://www.comerc.com.br/geracao-renovavel/geracao-centralizada
"11/01/2024";"19353849000177";MUSSAMBE;https://www.brennandenergia.com.br/transparencia/fator-de-alavancagem/
"21/11/2023";"20168743000182";UMBURANAS 21;https://www.engie.com.br/atividades/comercializacao-de-energia/
"17/11/2023";"37380936000103";JANAUBA VI;https://www.elera.com/transparencia/
"17/11/2023";"22499471000129";CRISTALANDIA I;https://cgnbe.com.br/fator-de-alavancagem/
"17/11/2023";"21014134000131";SAO CLEMENTE II;https://www.echoenergia.com.br/monitoramento-prudencial-rs567
"17/11/2023";"24743678000122";ECHOENERGIA PARTICIPACÕES;https://www.echoenergia.com.br/monitoramento-prudencial-rs567
"09/01/2024";"26914969000161";ULTRAGAZ COM;https://witzler.com.br/publicacao-do-fator-de-alavancagem-comercializadoras-do-grupo-witzler/
"19/11/2024";"12041214000195";UEE MARON;https://www.aurenenergia.com.br/
"21/03/2025";"09037826000108";PCH SANTA ROSA;https://www.ccee.org.br/web/guest/fator-de-alavancagem
"22/11/2023";"23485534000150";CGH PALMEIRAS TOCANTINS;https://zxenergia.com.br/
"22/11/2024";"29552662000156";EGP SANTA ESPERANCA 16;https://enelcomercializadora.com.br/pt/quem-somos
"13/12/2023";"20553751000142";ITAREMA IV;https://simpleenergy.com.br/fator-de-alavancagem/
"22/11/2024";"29587306000178";EGP SANTA ESPERANCA 17;https://enelcomercializadora.com.br/pt/quem-somos
"22/11/2023";"15527906003666";RAIZEN CS LEME;https://energia.raizen.com.br/mercado-livre
"24/06/2024";"17793994000143";HONDA ENERGY;https://www.honda.com.br/institucional/honda-energy
"17/11/2023";"29845768000148";VENTOS DE SANTA AMELIA;https://casadosventos.com.br/monitoramento-prudencial
"09/05/2025";"08578334000159";FIBRAENERGY;https://bancofibra.com.br/fibra-energy/
"17/11/2023";"33505879000182";EVO GER;https://evoenergia.com.br/quem-somos/
"22/08/2025";"14496317000175";EOL BAIXA IV;https://www.edp.com/pt-br/america-do-sul/brasil/o-que-fazemos/geracao-energia/fator-de-alavancagem
"04/03/2024";"35912298000190";CIRANDA 1 I5;https://recurrentenergy.com/compliance/brazil/
"21/03/2025";"08252466000196";WASSER KRAFT;https://www.ccee.org.br/web/guest/fator-de-alavancagem
"21/12/2023";"00644907000193";INVESTCO;https://www.investco.com.br/pt-br/fator-de-alavancagem-ccee
"16/11/2023";"12773558000199";CPFL ATLANTICA I;https://www.grupocpfl.com.br/unidades-de-negocios/fator-alavancagem
"17/11/2023";"30567591000144";ALEX III;https://www.elera.com/transparencia/
"21/12/2023";"45992035000192";SOL DE ZUMBI M VII;https://scatec.com/locations/brazil/#mendubim-brazil-530-mw
"22/08/2025";"31199583000155";MONTE VERDE I;https://www.edp.com/pt-br/america-do-sul/brasil/o-que-fazemos/geracao-energia/fator-de-alavancagem
"17/11/2023";"23037493000130";VENTOS DE SANTA ALEXANDRINA;https://www.aurenenergia.com.br/
"28/08/2025";"32023320000153";CATTARINA ENERGIA;https://www.cattarinaenergia.com.br/monitoramento-prudencial
"17/11/2023";"35842708000174";ACAUÃ II;https://ri.aliancaenergia.com.br/alianca/monitoramento-prudencial-ccee/
"24/11/2023";"19694110000129";SDV III;https://pecenergia.sharepoint.com/:f:/r/sites/Externo/Engeform%20Energia/Fator%20de%20Alavancagem?csf=1&web=1&e=mjATnz
"15/12/2023";"00331788000119";AIR LIQUIDE SP;https://br.airliquide.com/fator-de-alavancagem
"17/11/2023";"31315659000160";GALVA COMERCIALIZADORA;https://galvaenergia.com/
"13/12/2023";"24263276000120";SERRA BABILONIA XII;https://simpleenergy.com.br/fator-de-alavancagem/
"17/11/2023";"03538572000117";PBEN-P;https://petrobras.com.br/quem-somos/participacoes-societarias
"23/02/2024";"08336804000178";CELESC GERA;https://solucoesemenergia.celesc.com.br/transparencia-monitoramento-prudencial-ccee/
"13/12/2023";"19560109000101";CAETITE C;https://simpleenergy.com.br/fator-de-alavancagem/
"17/11/2023";"42643549000144";VENTOS DE SANTA FELICIDADE;https://casadosventos.com.br/monitoramento-prudencial
"17/11/2023";"12009135000105";ALIANCA GERACAO;https://ri.aliancaenergia.com.br/alianca/monitoramento-prudencial-ccee/
"23/11/2023";"24263183000104";CEMIG GERA SUL;https://www.cemig.com.br/monitoramento-prudencial/
"16/11/2023";"11686202000155";CPFL MORRO DOS VENTOS IV;https://www.grupocpfl.com.br/unidades-de-negocios/fator-alavancagem
"17/11/2023";"12489315000123";FERREIRA GOMES;https://ri.alupar.com.br/outras-informacoes/central-de-downloads/
"11/01/2024";"34986678000107";BARAUNAS XX;https://www.brennandenergia.com.br/transparencia/fator-de-alavancagem/
"07/11/2023";"11182210000164";NOVA ENERGIA;https://materiais.novaenergia.com.br/wp-content/uploads/2023/11/monitoramento_ccee_v1.pdf
"17/11/2023";"34211096000159";OITIS 6 I50;https://www.neoenergia.com/web/produtos-e-solucoes/fator-de-alavancagem
"11/01/2024";"19354626000124";BARAUNAS1;https://www.brennandenergia.com.br/transparencia/fator-de-alavancagem/
"16/11/2023";"11686050000190";CPFL MORRO DOS VENTOS I;https://www.grupocpfl.com.br/unidades-de-negocios/fator-alavancagem
"03/10/2025";"03581989000162";CEJA;https://www.engie.com.br/atividades/comercializacao-de-energia/
"17/11/2023";"15673793000187";VENTOS STO AUGUSTO VI;https://www.aurenenergia.com.br/
"09/02/2024";"12723384000150";SAOBENTO;https://copelmercadolivre.com/monitoramento-prudencial/
"22/11/2024";"29617203000103";EGP SAO GONCALO 11;https://enelcomercializadora.com.br/pt/quem-somos
"19/11/2024";"22011002000119";GUAIMBE III;https://www.aurenenergia.com.br/
"22/08/2025";"31199512000152";MONTE VERDE III;https://www.edp.com/pt-br/america-do-sul/brasil/o-que-fazemos/geracao-energia/fator-de-alavancagem
"17/11/2023";"04547015000125";PCH BURITI;https://www.buritipch.com.br/fa-ccee
"21/11/2023";"26263019000114";ENGIE BR CVE;https://www.engie.com.br/atividades/comercializacao-de-energia/
"21/11/2023";"16849271000156";EOLICA OURO VERDE;https://www.engie.com.br/atividades/comercializacao-de-energia/
"23/11/2023";"25466251000197";ENECEL;http://www.enecel.com.br/
"11/01/2024";"12709813000134";SAO PEDRO LAGO;https://www.brennandenergia.com.br/transparencia/fator-de-alavancagem/
"17/11/2023";"15728576000147";ATIAIA;https://docs.google.com/spreadsheets/d/e/2PACX-1vQPw9AkiwLACn4m9BwL6jk6D0PETvdBaWr439rzJgcqRcmFVHXdImquksqpPTcCvwHwPt-31F106c8z/pubhtml
"17/11/2023";"21951831000119";LAGOA DO BARRO IV;https://cgnbe.com.br/fator-de-alavancagem/
"16/11/2023";"12809025000209";PRIME ENERGY - LONDRINA;https://www.primeenergy.com.br/seguranca-de-mercado/
"22/11/2023";"23509244000108";CGH SUCURI;https://zxenergia.com.br/
"01/11/2023";"35233342000136";TRX ENERGIA;https://trxenergia.com/fator/
"17/11/2023";"20533523000100";ELECTRA ENERGIA DIGITAL;https://electraenergy.com.br/fator-de-alavancagem-ccee/
"09/11/2023";"12960103000182";DANUBIO UFV;https://ibituenergia.com/ccee/
"11/01/2024";"09509052000162";UNAI;https://www.brennandenergia.com.br/transparencia/fator-de-alavancagem/
"23/11/2023";"06990026000100";CEESAM;http://grupoceesam.com.br/area-de-downloads/category/10-fator-de-alavancagem
"17/11/2023";"48251703000119";PAECOM;https://www.pan-energy.com/po/renovaveis/
"17/11/2023";"35896824000176";VENTOS DE SAO LUDGERO;https://casadosventos.com.br/monitoramento-prudencial
"11/01/2024";"12709996000198";PEDRA BRANCA;https://www.brennandenergia.com.br/transparencia/fator-de-alavancagem/
"12/01/2024";"41808680000151";SKER COM;https://www.statkraft.com.br/relacoes-com-investidores/servicos-aos-investidores/fator-de-alavancagem/
"22/08/2025";"41815064000128";NOVO ORIENTE SOLAR I;https://www.edp.com/pt-br/america-do-sul/brasil/o-que-fazemos/geracao-energia/fator-de-alavancagem
"17/11/2023";"21840567000146";VENTOS DE SANTO AGOSTINHO;https://www.aurenenergia.com.br/
"17/11/2023";"35655200000167";TANQUE NOVO V;https://cgnbe.com.br/fator-de-alavancagem/
"22/11/2024";"07283830000112";PRIMAVERA;https://enelcomercializadora.com.br/pt/quem-somos
"17/11/2023";"62258884000136";ICB COM;
"17/11/2023";"34818597000106";MILAGRES V;https://lightsourcebp.com/br/
"12/01/2024";"09196341000159";EOL SEABRA;https://www.statkraft.com.br/relacoes-com-investidores/servicos-aos-investidores/fator-de-alavancagem/
"19/11/2024";"11637090000142";RDV 1;https://www.aurenenergia.com.br/
"16/11/2023";"43619832001760";UTE BRANCO PERES;https://www.usinabrancoperes.com.br/fator-de-alavancagem
"16/02/2024";"42066841000141";MARANGATU 5;https://www.spicbrasil.com.br/mercado-livre-de-energia/
"17/11/2023";"22566701000125";LAGOA 3;https://www.neoenergia.com/web/produtos-e-solucoes/fator-de-alavancagem
"19/11/2024";"24302734000193";BOA HORA 3;https://www.aurenenergia.com.br/
"23/11/2023";"24286218000112";CEMIG GERA OESTE;https://www.cemig.com.br/monitoramento-prudencial/
"13/12/2023";"30062725000175";SERRA BABILONIA D;https://simpleenergy.com.br/fator-de-alavancagem/
"17/11/2023";"08696648000156";BME ENERGIA;https://www.bmeenergia.com.br/
"16/02/2024";"42066900000181";MARANGATU 7;https://www.spicbrasil.com.br/mercado-livre-de-energia/
"17/11/2023";"16712566000186";VENTOS STO ESTEVAO I;https://www.aurenenergia.com.br/
"23/11/2023";"04041804000190";CEC;https://www.csn.com.br/documentos-regulatorios-da-ceee-geracao/
"15/02/2024";"20318427000140";EOL VILA PARA III;https://www.voltalia.com/pt-pt/comercializadora
"18/03/2024";"77752293012447";UTE LAR;https://www.lar.ind.br/fator-de-alavancagem/
"15/12/2023";"28029264000197";ESV IX;https://pecenergia.sharepoint.com/:f:/r/sites/Externo/Engeform%20Energia/Fator%20de%20Alavancagem?csf=1&web=1&e=mjATnz
"21/11/2023";"23741536000163";ENGIE SOLAR PARACATU II;https://www.engie.com.br/atividades/comercializacao-de-energia/
"27/11/2023";"35788130000115";SP COM;https://simpleenergy.com.br/fator-de-alavancagem/
"17/11/2023";"11350499000183";UEE GUANAMBI;https://www.elera.com/transparencia/
"22/11/2024";"42626913000168";EGP ARINOS 15;https://enelcomercializadora.com.br/pt/quem-somos
"16/11/2023";"77887917000184";SANTA MARIA AUTOPRODUTOR;https://www.santamaria.ind.br/energia/
"10/11/2023";"33047509000149";BOLT OPERACOES;https://boltenergy.com.br/fatores-alavancagem/
"22/11/2024";"14504489000143";EGP MODELOII;https://enelcomercializadora.com.br/pt/quem-somos
"09/11/2023";"10656568000119";COQUEIRAL;https://ibituenergia.com/ccee/
"17/11/2023";"42740809000108";VENTOS DE SANTA RUFINA;https://casadosventos.com.br/monitoramento-prudencial
"01/12/2023";"12559526000195";MAXENERGIA;https://grupomaxenergia.com.br/
"17/11/2023";"22552057000136";CHAFARIZ 3;https://www.neoenergia.com/web/produtos-e-solucoes/fator-de-alavancagem
"22/11/2024";"31596793000187";EGP VENTOS SAO ROQUE 13;https://enelcomercializadora.com.br/pt/quem-somos
"22/11/2023";"30400330000135";GERIBA COM;https://simpleenergy.com.br/fator-de-alavancagem/
"21/11/2023";"16757011000150";CAMPO LARGO VII;https://www.engie.com.br/atividades/comercializacao-de-energia/
"22/11/2024";"21869030000109";SAO ABRAAO;https://enelcomercializadora.com.br/pt/quem-somos
"17/11/2023";"30288527000124";UFV BRIGIDA I5;https://www.comerc.com.br/geracao-renovavel/geracao-centralizada
"22/11/2024";"42626298000190";EGP ARINOS 14;https://enelcomercializadora.com.br/pt/quem-somos
"21/12/2023";"45991921000100";SOL DE SAO MIGUEL DO G M V;https://scatec.com/locations/brazil/#mendubim-brazil-530-mw
"17/11/2023";"25318520000178";EOL SERIDO V;https://www.elera.com/transparencia/
"12/01/2024";"09196223000140";PCH MOINHO;https://www.statkraft.com.br/relacoes-com-investidores/servicos-aos-investidores/fator-de-alavancagem/
"17/11/2023";"30567573000162";ALEX VIII;https://www.elera.com/transparencia/
"15/02/2024";"29498495000102";VENTOS DE VILA CEARA II;https://www.voltalia.com/pt-pt/comercializadora
"16/11/2023";"21747682000170";SECRETARIO ENERGIA;https://criativaenergia.com.br/seguranca-de-mercado/
"21/11/2023";"20546705000116";DALLAS;https://dallasmineracao.com.br/
"16/11/2023";"10249419000135";CARGILL BIOENERGIA;https://www.sjcbioenergia.com.br/
"17/11/2023";"17613432000170";EOL SERTAO;https://cgnbe.com.br/fator-de-alavancagem/
"28/11/2023";"10415935000192";CERTHIL DESENVOLVIMENTO I5;https://www.desenvolvimento.certhil.com.br/fatoralavancagem
"17/11/2023";"34109311000105";VAL 2;https://www.echoenergia.com.br/monitoramento-prudencial-rs567
"22/11/2023";"29754467000109";CEL ENERGIA;https://www.cel.eng.br/portfolio-item/comercializacao-de-energia/
"17/11/2023";"34818458000174";MILAGRES IV;https://lightsourcebp.com/br/
"17/11/2023";"24616097000120";PRINCIPAL ENERGIA;https://www.deltaenergia.com.br/
"22/11/2024";"31211298000102";EGP CUMARU 01;https://enelcomercializadora.com.br/pt/quem-somos
"17/11/2023";"33933760000100";CASA DOS VENTOS COM;https://casadosventos.com.br/monitoramento-prudencial
"19/11/2024";"36230315000172";TUCANO F6 GERACAO;https://www.aurenenergia.com.br/
"23/11/2023";"06981176000158";CEMIG GERACAO;https://www.cemig.com.br/monitoramento-prudencial/
"16/11/2023";"13271413000152";CPFL JAYADITYA;https://www.grupocpfl.com.br/unidades-de-negocios/fator-alavancagem
"22/11/2023";"74562745000180";SAVANE;https://www.savane.com.br/
"22/11/2023";"17692801000168";SIRIVERA;https://zxenergia.com.br/
"17/11/2023";"21014090000140";SAO CLEMENTE III;https://www.echoenergia.com.br/monitoramento-prudencial-rs567
"17/11/2023";"30567568000150";ALEX IX;https://www.elera.com/transparencia/
"07/12/2023";"07903169001768";ADECO IMPORT EXPORT;https://adecoagro-my.sharepoint.com/:f:/p/pfiordelice/EmK2pCQPSqlGoVE5JaApKi4BHKragYaZ3Iu19LIJD39adA?e=gKAejy
"17/11/2023";"22563859000141";CANOAS 4;https://www.neoenergia.com/web/produtos-e-solucoes/fator-de-alavancagem
"17/11/2023";"12106989000100";CAETITE 2;https://www.neoenergia.com/web/produtos-e-solucoes/fator-de-alavancagem
"22/08/2025";"14496290000110";EOL BAIXA III;https://www.edp.com/pt-br/america-do-sul/brasil/o-que-fazemos/geracao-energia/fator-de-alavancagem
"09/02/2024";"28525891000119";AVENTURA IV;https://copelmercadolivre.com/monitoramento-prudencial/
"21/11/2023";"07206715000144";RIO VERMELHO;https://sway.office.com/XvzIyVeyS6weVuFX?ref=Link
"15/03/2024";"10471487000144";PECEM II;https://eneva.com.br/monitoramento-prudencial/
"22/08/2025";"41813157000113";MONTE VERDE SOLAR VII I5 PIE;https://www.edp.com/pt-br/america-do-sul/brasil/o-que-fazemos/geracao-energia/fator-de-alavancagem
"09/02/2024";"00671047000187";FRIGORIFICO THOMS;https://copelmercadolivre.com/monitoramento-prudencial/
"17/11/2023";"24479976000157";INFINITYENERGIAS;https://www.infinityenergias.com.br/a-infinity-energias/
"22/11/2023";"03548440000176";ARTEC;https://artecrevestimentos.com.br/
"11/01/2024";"07835806000149";PCH SANTA GABRIELA;https://www.brennandenergia.com.br/transparencia/fator-de-alavancagem/
"16/11/2023";"11181215000172";STA TEREZINHA;https://app.powerbi.com/view?r=eyJrIjoiMDJjYjBjNzctYjE4OC00MTYxLWFiNzYtZmRlYjIyN2NhMDU5IiwidCI6IjcxZTE0OTYwLWRkMzEtNDQ2NS1iMmYyLTU2YWJhZGZiMTAwOCJ9
"22/08/2025";"31199569000151";MONTE VERDE II;https://www.edp.com/pt-br/america-do-sul/brasil/o-que-fazemos/geracao-energia/fator-de-alavancagem
"17/11/2023";"34211238000188";LUZIA 2 I5;https://www.neoenergia.com/web/produtos-e-solucoes/fator-de-alavancagem
"24/09/2025";"04944068000180";MUSASHI AM;https://app.powerbi.com/view?r=eyJrIjoiM2Y0ZTQzOWUtM2IyNS00ZDU0LTg4Y2MtMGI4MTVlZWJlYmIyIiwidCI6IjcxZTE0OTYwLWRkMzEtNDQ2NS1iMmYyLTU2YWJhZGZiMTAwOCJ9
"01/12/2023";"00969790000118";SELECTA I5;https://cjselecta.com.br/
"21/11/2023";"23741514000101";ENGIE SOLAR PARACATU III;https://www.engie.com.br/atividades/comercializacao-de-energia/
"09/02/2024";"76260017000140";PARANA SUPERMERCADO;https://copelmercadolivre.com/monitoramento-prudencial/
"22/11/2023";"51123065000165";VIDRO-REAL;http://www.vidroreal.com/
"09/02/2024";"77837979000181";AGRICOLA HORIZONTE;https://copelmercadolivre.com/monitoramento-prudencial/
"28/03/2024";"43811295000199";RASHIRAMA;https://www.rashirama.com/
"16/11/2023";"14570819000107";COQUEIRINHO;https://app.powerbi.com/view?r=eyJrIjoiNTZmOWQ0YTUtM2FkNC00MzcyLWI2NTctMTZlZGUyZWYxMWI0IiwidCI6IjcxZTE0OTYwLWRkMzEtNDQ2NS1iMmYyLTU2YWJhZGZiMTAwOCJ9
"17/11/2023";"37404973000104";JANAUBA XVIII;https://www.elera.com/transparencia/
"16/11/2023";"10797888000199";CPFL CAMPOS DOS VENTOS V;https://www.grupocpfl.com.br/unidades-de-negocios/fator-alavancagem
"23/11/2023";"09394905000168";SANTA ANA;https://www.csn.com.br/documentos-regulatorios-da-ceee-geracao/
"09/02/2024";"21957722000109";EOL JANGADA;https://copelmercadolivre.com/monitoramento-prudencial/
"30/11/2023";"03631957000124";CTG TRADING;https://ri.ctgbr.com.br/governanca-corporativa/monitoramento-prudencial/
"13/12/2023";"24263209000106";SERRA BABILONIA IX;https://simpleenergy.com.br/fator-de-alavancagem/
"01/12/2023";"31247459000118";DIAMOND COMERCIALIZADORA;https://cmuenergia.com.br/
"09/02/2024";"31478575000148";VENTOS DE VILA PARAIBA IV;https://copelmercadolivre.com/monitoramento-prudencial/
"09/02/2024";"01715975000169";INSTITUTOS LACTEC;https://copelmercadolivre.com/monitoramento-prudencial/
"29/11/2023";"04451926000154";HORIZONTES;https://www.cemig.com.br/monitoramento-prudencial/
"17/11/2023";"37380978000136";JANAUBA XV;https://www.elera.com/transparencia/
"10/11/2023";"51784262000125";PEROXIDOS;https://www.naoseaplica.com.br
"09/02/2024";"76879295000180";CERCAR;https://copelmercadolivre.com/monitoramento-prudencial/
"09/02/2024";"33016338000190";SWEDISH MATCH;https://copelmercadolivre.com/monitoramento-prudencial/
"09/02/2024";"77366664000101";BATERAX;https://copelmercadolivre.com/monitoramento-prudencial/
"09/02/2024";"77606911000191";ABATEDOURO BOM JESUS;https://copelmercadolivre.com/monitoramento-prudencial/
"14/10/2024";"04029601000188";ENERGEST;https://www.paratyenergia.com.br/fator-de-alavancagem/
"09/01/2024";"36160050000183";EOL TODA ENERGIA DO BRASIL;https://simpleenergy.com.br/fator-de-alavancagem/
"07/12/2023";"31583235000187";UTE AEL ENERGIA PIE;https://adecoagro-my.sharepoint.com/:f:/p/pfiordelice/EmK2pCQPSqlGoVE5JaApKi4BHKragYaZ3Iu19LIJD39adA?e=gKAejy
"17/11/2023";"37381661000114";JANAUBA VIII;https://www.elera.com/transparencia/
"09/11/2023";"11477009000104";TAIBA AGUIA;https://ibituenergia.com/ccee/
"17/11/2023";"11608271000140";EOPR;https://www.echoenergia.com.br/monitoramento-prudencial-rs567
"28/03/2024";"41988985000192";VESTRA ENERGIA;https://www.dropbox.com/scl/fo/ck4fycp9kfco3rpz1wlb5/h?rlkey=bxcskjmczba03715zxyopyb9j&dl=0
"19/11/2024";"12048031000100";UEE PELOURINHO;https://www.aurenenergia.com.br/
"22/11/2024";"21619125000174";ENEL SUL SOLAR;https://enelcomercializadora.com.br/pt/quem-somos
"17/11/2023";"38505151000174";CVW ENERGETICA;https://www.usinacoruripe.com.br/
"17/11/2023";"34211160000100";LUZIA 3 I5;https://www.neoenergia.com/web/produtos-e-solucoes/fator-de-alavancagem
"27/03/2024";"29270235000428";LUDFOR COM ALAGOAS;https://www.ludfor.com.br/#monitoramento
"18/01/2024";"07816890000153";MULTIPLAN;https://www.multiplan.com.br/pt-br/a-empresa/esg
"27/03/2024";"29270235000266";LUDFOR COM SP;https://www.ludfor.com.br/#monitoramento
"17/11/2023";"15319876000172";VENTOS II;https://ri.alupar.com.br/outras-informacoes/central-de-downloads/
"17/11/2023";"30311116000102";VLPI 2;https://www.echoenergia.com.br/monitoramento-prudencial-rs567
"22/11/2023";"07303379000239";CEM MANAUARA;https://globalparticipacoesenergia.com.br/
"21/12/2023";"18494537000110";SAO MANOEL;https://www.saomanoelenergia.com.br/pt-br/fator-de-alavancagem-ccee
"17/11/2023";"51466860000156";SMSA;https://www.saomartinho.com.br/Default.aspx?linguagem=pt
"17/11/2023";"12752290000109";ENERPLAN;https://www.elera.com/transparencia/
"09/02/2024";"08438804000189";CGH RIO ALEGRE;https://copelmercadolivre.com/monitoramento-prudencial/
"15/03/2024";"09193216000195";ENEVA TAUA;https://eneva.com.br/monitoramento-prudencial/
"12/01/2024";"35636502000198";OSLO IV;https://www.statkraft.com.br/relacoes-com-investidores/servicos-aos-investidores/fator-de-alavancagem/
"01/12/2023";"13673002000193";CGH INGA MIRIM;https://www.terral.com.br/energia
"09/02/2024";"12802835000144";NOVA ASA B III;https://copelmercadolivre.com/monitoramento-prudencial/
"17/11/2023";"10432020000195";UTE MADEIRAS;https://energiamadeiras.ind.br/
"22/11/2024";"21868992000143";MORRO DO CHAPEU I;https://enelcomercializadora.com.br/pt/quem-somos
"17/11/2023";"20024563000127";GEOCV;https://www.echoenergia.com.br/monitoramento-prudencial-rs567
"17/11/2023";"22546153000171";CHAFARIZ 1;https://www.neoenergia.com/web/produtos-e-solucoes/fator-de-alavancagem
"17/11/2023";"32326113000178";EOL SERRA DO MATO VI;https://www.brasil.qair.energy/projetos/ceara/serradomato/fator-de-alavancagem-sdm/
"28/11/2023";"30457273000120";CASA DOS VENTOS VAREJISTA;https://www.americaenergia.com.br/
"19/03/2024";"46494301000110";TRIA;https://triaenergia.com.br/
"26/09/2024";"07912062000119";UTE LAGUNA;https://usinalaguna.com.br/pagina/fator-de-alavancagem
"17/11/2023";"12106862000182";CALANGO 4;https://www.neoenergia.com/web/produtos-e-solucoes/fator-de-alavancagem
"17/11/2023";"35655215000125";TANQUE NOVO II;https://cgnbe.com.br/fator-de-alavancagem/
"17/11/2023";"12848329000196";GESTAMP MOXOTO;https://www.echoenergia.com.br/monitoramento-prudencial-rs567
"22/11/2023";"18686104000167";BIO JATAI;https://energia.raizen.com.br/mercado-livre
"17/11/2023";"31557781000143";GET ENERGY TRADING;https://matrixenergia.com/fator-de-alavancagem
"17/11/2023";"19941770000167";STA VITORIA PALMAR VIII;https://cgnbe.com.br/fator-de-alavancagem/
"17/11/2023";"35487170000127";ZEST ENERGIA;https://zestenergia.com.br/fa/
"17/11/2023";"36182063000153";ATHON;https://www.athonenergia.com.br/
"15/02/2024";"20318451000189";EOL VILA PARA I;https://www.voltalia.com/pt-pt/comercializadora
"17/11/2023";"36160187000138";LUZ VAREJISTA;https://www.deltaenergia.com.br/
"17/11/2023";"21951809000179";LAGOA DO BARRO II;https://cgnbe.com.br/fator-de-alavancagem/
"17/11/2023";"09188708000192";PCH CAMBARA;https://paineirapar.com.br/ccee-fa/
"22/11/2024";"31211130000105";EGP CUMARU 04;https://enelcomercializadora.com.br/pt/quem-somos
"22/11/2024";"14422424000159";EGP PAUFERRO;https://enelcomercializadora.com.br/pt/quem-somos
"17/11/2023";"39608949000104";QAIR COMERCIALIZACAO;https://www.brasil.qair.energy/qair-comercializacao/fator-de-alavancagem-qair-comercializacao/
"22/11/2024";"31595987000168";EGP VENTOS SAO ROQUE 29;https://enelcomercializadora.com.br/pt/quem-somos
"16/02/2024";"42066994000199";MARANGATU 12;https://www.spicbrasil.com.br/mercado-livre-de-energia/
"17/11/2023";"11366056000180";UEE PORTO;https://www.elera.com/transparencia/
"22/11/2023";"18794615000100";BIO RAFARD;https://energia.raizen.com.br/mercado-livre
"19/11/2024";"28937919000125";AGV VI;https://www.aurenenergia.com.br/
"17/11/2023";"45898574000167";RENUKA GERA;https://www.renukabrasil.com.br/br/home
"21/11/2023";"13389543000194";EOLICA CACIMBAS;https://www.engie.com.br/atividades/comercializacao-de-energia/
"17/11/2023";"12833419000103";ELERA VSM;https://www.elera.com/transparencia/
"21/11/2023";"24337192000194";ATLAS COM;https://www.atlasrenewableenergy.com/pt-br/
"19/11/2024";"19023513000146";VENTOS DE SANTA JOANA XIV;https://www.aurenenergia.com.br/
"20/11/2023";"02993750000137";COSTA RICA I5;https://app.powerbi.com/view?r=eyJrIjoiMmI5NGZlMzQtZGMwOC00NzJjLWJlMGYtOWQ2NjY5MzFhNmU0IiwidCI6IjcxZTE0OTYwLWRkMzEtNDQ2NS1iMmYyLTU2YWJhZGZiMTAwOCJ9
"15/12/2023";"41300376000107";UFV JAÍBA SE2;https://www.aurenenergia.com.br/
"19/12/2023";"28630316000186";EDP SMART;https://empresas.edp.com.br/divulgacao-do-fator-de-alavancagem-ccee/
"22/11/2023";"05300357000109";GERMAT;https://simpleenergy.com.br/fator-de-alavancagem/
"13/12/2023";"24550050000100";JARDIM BOTANICO COM;https://simpleenergy.com.br/fator-de-alavancagem/
"13/12/2023";"24263234000190";SERRA BABILONIA II;https://simpleenergy.com.br/fator-de-alavancagem/
"17/11/2023";"22552964000185";LAGOA 4;https://www.neoenergia.com/web/produtos-e-solucoes/fator-de-alavancagem
"23/11/2023";"34583284000108";OAK;https://urcatrading.com/fator-de-alavancagem-do-grupo-urca-energia/
"22/11/2024";"07283824000165";APIACAS;https://enelcomercializadora.com.br/pt/quem-somos
"22/11/2024";"39336768000176";EGP AROEIRA 08;https://enelcomercializadora.com.br/pt/quem-somos
"17/11/2023";"11619342000100";EOL FAISA IV;https://www.elera.com/transparencia/
"22/11/2024";"31752294000131";EGP SAO GONCALO 18;https://enelcomercializadora.com.br/pt/quem-somos
"16/11/2023";"27816584000124";JANUARIO DE NAPOLI;http://www.ibemapar.com.br
"10/11/2023";"42902392000124";SPIC BRASIL C;https://www.spicbrasil.com.br/mercado-livre-de-energia/
"17/11/2023";"21877676000138";VENTOS DE SAO ADEODATO;https://www.aurenenergia.com.br/
"17/11/2023";"11350542000100";UEE PINDAI;https://www.elera.com/transparencia/
"15/03/2024";"37349957000158";SPE FUTURA_1;https://eneva.com.br/monitoramento-prudencial/
"17/11/2023";"34135249000126";VES 5;https://www.echoenergia.com.br/monitoramento-prudencial-rs567
"19/11/2024";"14094988000100";EOL WIND;https://www.aurenenergia.com.br/
"22/11/2024";"25289312000198";EGP SANTA ANGELA 07;https://enelcomercializadora.com.br/pt/quem-somos
"17/11/2023";"17613512000126";EOL ANDORINHA;https://cgnbe.com.br/fator-de-alavancagem/
"30/11/2023";"17143971000193";SANTONIO_13;http://www.gruposerveng.com.br/alavancagem
"15/03/2024";"37349956000103";SPE FUTURA_4;https://eneva.com.br/monitoramento-prudencial/
"09/02/2024";"02743574000185";UEG ARAUCARIA;https://copelmercadolivre.com/monitoramento-prudencial/
"07/12/2023";"22587687000146";UTE MONTE ALEGRE APE;https://adecoagro-my.sharepoint.com/:f:/p/pfiordelice/EmK2pCQPSqlGoVE5JaApKi4BHKragYaZ3Iu19LIJD39adA?e=gKAejy
"17/11/2023";"42740778000187";VENTOS DE SANTA TARSILA;https://casadosventos.com.br/monitoramento-prudencial
"19/11/2024";"36957780000100";VENTOS DE SANTA TEREZA 13;https://www.aurenenergia.com.br/
"16/11/2023";"12652634000108";CPFL EURUS III;https://www.grupocpfl.com.br/unidades-de-negocios/fator-alavancagem
"17/11/2023";"15103714000100";UTE VISTA ALEGRE II;https://www.elera.com/transparencia/
"21/12/2023";"03460864000184";LAJEADO ENERG;https://www.investco.com.br/pt-br/fator-de-alavancagem-ccee
"22/11/2024";"42627428000109";EGP ARINOS 21;https://enelcomercializadora.com.br/pt/quem-somos
"22/08/2025";"14496545000145";EOL BAIXA II;https://www.edp.com/pt-br/america-do-sul/brasil/o-que-fazemos/geracao-energia/fator-de-alavancagem
"17/11/2023";"34211252000181";OITIS 5 I50;https://www.neoenergia.com/web/produtos-e-solucoes/fator-de-alavancagem
"13/12/2023";"24325137000184";SERRA BABILONIA VI;https://simpleenergy.com.br/fator-de-alavancagem/
"09/11/2023";"04675878000188";BRG GERADORES;https://brggeradores.com.br/mercadolivre
"22/11/2024";"31594093000153";EGP VENTOS SAO ROQUE 26;https://enelcomercializadora.com.br/pt/quem-somos
"19/01/2024";"48400908000119";BTG PACTUAL ENERGIA;	https://www.btgpactual.com/investment-banking/sales-and-trading/comercializacao-de-energia
"22/03/2024";"02691745000501";TRADENER RS;https://tradener.com.br/2023/12/18/divulgacao-tradener-fator-de-alavancagem/
"22/11/2024";"41982031000172";EGP PEDRA PINTADA C;https://enelcomercializadora.com.br/pt/quem-somos
"21/12/2023";"45992304000110";SOL DE BAIA FORMOSA M XIII;https://scatec.com/locations/brazil/#mendubim-brazil-530-mw
"17/11/2023";"19604583000198";MDL COMERCIALIZADORA;https://www.deltaenergia.com.br/
"17/11/2023";"21959329000154";LAGOA DO BARRO VII;https://cgnbe.com.br/fator-de-alavancagem/
"17/11/2023";"21479982000116";VENTOS DE SAO VIRGILIO 01;https://www.aurenenergia.com.br/
"11/01/2024";"04502574000119";CANTU2;https://www.brennandenergia.com.br/transparencia/fator-de-alavancagem/
"17/11/2023";"31966082000157";ARTIS ENERGIA;https://grupobcenergia.com.br/
"22/08/2025";"50396907000190";SDO IV I5;https://www.edp.com/pt-br/america-do-sul/brasil/o-que-fazemos/geracao-energia/fator-de-alavancagem
"16/02/2024";"25369840000157";COMERC ENERGIA SA;https://www.comerc.com.br/monitoramento-prudencial
"17/11/2023";"39403244000150";SIRIUS COMERCIALIZADORA;https://siriusenergia.com.br/
"17/11/2023";"02808298000196";ELERA;https://www.elera.com/transparencia/
"01/11/2024";"54131913000176";GUD COM;https://www.aurenenergia.com.br
"17/11/2023";"09127923000183";R BONITO;https://www.velcan.lu/
"17/11/2023";"34841996000180";MILAGRES II;https://lightsourcebp.com/br/
"17/11/2023";"32326123000103";EOL SERRA DO MATO III;https://www.brasil.qair.energy/projetos/ceara/serradomato/fator-de-alavancagem-sdm/
"24/11/2023";"10820645000124";USINA TRAPICHE;https://usinaserragrande.com.br/fator-alavancagem
"19/11/2024";"12041319000144";UEE DOURADOS;https://www.aurenenergia.com.br/
"23/01/2025";"13729756000118";ENERGAS;http://www.energasenergia.com.br/arquivos/Fator_de_Alavancagem.pdf
"17/11/2023";"19869512000117";STA VITORIA PALMAR III;https://cgnbe.com.br/fator-de-alavancagem/
"13/12/2023";"29591504000105";SERRA BABILONIA C;https://simpleenergy.com.br/fator-de-alavancagem/
"11/01/2024";"05643940000112";PCH LUIZ DIAS LINS;https://www.brennandenergia.com.br/transparencia/fator-de-alavancagem/
"16/11/2023";"22091543000102";PCH BV II;http://www.ibemapar.com.br
"20/11/2023";"03507699000179";FOZ DO CHOPIM;https://app.powerbi.com/view?r=eyJrIjoiMmI5NGZlMzQtZGMwOC00NzJjLWJlMGYtOWQ2NjY5MzFhNmU0IiwidCI6IjcxZTE0OTYwLWRkMzEtNDQ2NS1iMmYyLTU2YWJhZGZiMTAwOCJ9
"17/11/2023";"19917214000155";STA VITORIA PALMAR X;https://cgnbe.com.br/fator-de-alavancagem/
"09/02/2024";"21216892000132";EOL SAO BENTO DO NORTE I;https://copelmercadolivre.com/monitoramento-prudencial/
"09/02/2024";"21916951000185";EOL ESPERANCA;https://copelmercadolivre.com/monitoramento-prudencial/
"17/11/2023";"42432305000112";SOLAR COM;https://merxenergia.com.br/
"16/11/2023";"29627430000110";UTE LD CELULOSE;https://ldcelulose.com.br/
"19/11/2024";"37002822000111";VENTOS DE SAO RICARDO 04;https://www.aurenenergia.com.br/
"22/11/2023";"10687199000121";PIABANHA;https://zxenergia.com.br/
"16/11/2023";"10797890000168";CPFL CAMPOS DOS VENTOS I;https://www.grupocpfl.com.br/unidades-de-negocios/fator-alavancagem
"09/01/2024";"38023481000123";WTZ CONV;https://witzler.com.br/publicacao-do-fator-de-alavancagem-comercializadoras-do-grupo-witzler/
"17/11/2023";"15320903000127";VENTOS IV;https://ri.alupar.com.br/outras-informacoes/central-de-downloads/
"17/11/2023";"16603387000100";VENTOS STO ESTEVAO II;https://www.aurenenergia.com.br/
"31/10/2023";"34391833000142";INNOVARE ENERGIA;https://www.innovareenergia.com.br/
"15/02/2024";"15313271000174";EOL CAICARA I;https://www.voltalia.com/pt-pt/comercializadora
"17/11/2023";"12106879000130";CAETITE 3;https://www.neoenergia.com/web/produtos-e-solucoes/fator-de-alavancagem
"19/11/2024";"09601233000114";CGE SA;https://www.aurenenergia.com.br/
"21/03/2025";"11491496000160";PCH ITAPOCUZINHO IIA;https://www.ccee.org.br/web/guest/fator-de-alavancagem
"17/11/2023";"23509564000150";NOVA LAPA;https://cgnbe.com.br/fator-de-alavancagem/
"22/11/2024";"31752301000103";EGP SAO GONCALO 19;https://enelcomercializadora.com.br/pt/quem-somos
"30/11/2023";"23096269000119";REPESA;https://ri.ctgbr.com.br/governanca-corporativa/monitoramento-prudencial/
"15/12/2023";"37995372000105";UFV JAÍBA C;https://www.aurenenergia.com.br/
"17/11/2023";"09067572000162";BPBIOENERGY PAF;http://bpbunge.com.br
"19/11/2024";"12047526000106";UEE SERAIMA;https://www.aurenenergia.com.br/
"21/11/2023";"12445328000109";EOLICA SANTA MONICA;https://www.engie.com.br/atividades/comercializacao-de-energia/
"07/08/2025";"29986328000100";SOLAR BARREIRAS III;https://www.engie.com.br/atividades/comercializacao-de-energia/
"14/12/2023";"12863751000110";INXU;https://app.powerbi.com/view?r=eyJrIjoiOWY2NDIxNzctY2VjNy00MTU2LTliM2MtMWVlMGM3MDg1OGE5IiwidCI6IjcxZTE0OTYwLWRkMzEtNDQ2NS1iMmYyLTU2YWJhZGZiMTAwOCJ9
"17/11/2023";"29845751000190";VENTOS DE SAO MIZAEL;https://casadosventos.com.br/monitoramento-prudencial
"16/11/2023";"07459492000127";PARACATU;http://vpabio.com.br
"17/11/2023";"32326115000167";EOL SERRA DO MATO V;https://www.brasil.qair.energy/projetos/ceara/serradomato/fator-de-alavancagem-sdm/
"15/02/2024";"39702823000102";SOL SERRA DO MEL V;https://www.voltalia.com/pt-pt/comercializadora
"23/05/2024";"26480153000177";SPE AMADOR AGUIAR;https://www.pollarix.com.br/
"15/02/2024";"15313226000110";EOL JUNCO I;https://www.voltalia.com/pt-pt/comercializadora
"17/11/2023";"36641855000149";EOL SERIDO XI;https://www.elera.com/transparencia/
"17/11/2023";"17613286000183";EOL MORRINHOS;https://cgnbe.com.br/fator-de-alavancagem/
"15/02/2024";"14535646000188";SAO JOAO;https://www.voltalia.com/pt-pt/comercializadora
"22/08/2025";"41825312000111";NOVO ORIENTE SOLAR II;https://www.edp.com/pt-br/america-do-sul/brasil/o-que-fazemos/geracao-energia/fator-de-alavancagem
"17/11/2023";"42454971000151";VENTOS DE SAO ROBERTO;https://casadosventos.com.br/monitoramento-prudencial
"21/11/2023";"16757107000119";CAMPO LARGO V;https://www.engie.com.br/atividades/comercializacao-de-energia/
"17/11/2023";"30840548000100";GENCO;https://gencoenergia.com.br/genco/#fator-alavancagem
"17/11/2023";"24440043000156";BRISAS SUAVES;https://www.comerc.com.br/geracao-renovavel/geracao-centralizada
"17/11/2023";"08164344000148";BPBIOENERGY ITT;http://bpbunge.com.br
"17/11/2023";"14609649000119";BOVEN ENERGIA;https://boven.com.br/empresa/
"04/04/2024";"23965886000103";SPE ASSURUA;https://docs.google.com/spreadsheets/d/e/2PACX-1vQPw9AkiwLACn4m9BwL6jk6D0PETvdBaWr439rzJgcqRcmFVHXdImquksqpPTcCvwHwPt-31F106c8z/pubhtml
"17/11/2023";"04710129000144";TESA;https://site.usinasantaadelia.com.br/
"20/02/2024";"43306355000116";UFV BURITIS SPE I5;https://rovemaenergia.com.br/
"16/11/2023";"30109908000107";T2 COM;https://tempoenergia.com.br/fator-de-alavancagem/
"07/12/2023";"12437849000106";EDRE - BR;https://edre.com.br/fator-de-alavancagem/
"21/11/2023";"16756943000189";CAMPO LARGO VI;https://www.engie.com.br/atividades/comercializacao-de-energia/
"20/02/2024";"43306591000132";UFV MACHADINHO SPE I5;https://rovemaenergia.com.br/
"16/11/2023";"12809025000462";PRIME ENERGY - MACEIO;https://www.primeenergy.com.br/seguranca-de-mercado/
"21/11/2023";"32023463000165";SANTA MARIA ENERGIA;https://santamariaenergia.com/
"17/11/2023";"13344343000115";VENTOS DOS GUARAS I;https://cgnbe.com.br/fator-de-alavancagem/
"07/12/2023";"21228540000105";UTE ADECO ENERGIA PIE;https://adecoagro-my.sharepoint.com/:f:/p/pfiordelice/EmK2pCQPSqlGoVE5JaApKi4BHKragYaZ3Iu19LIJD39adA?e=gKAejy
"12/01/2024";"31207206000110";JERUSALEM V;https://www.statkraft.com.br/relacoes-com-investidores/servicos-aos-investidores/fator-de-alavancagem/
"17/11/2023";"32398720000143";EOL SERROTE_II;https://www.brasil.qair.energy/projetos/ceara/complexo-ser/fator-de-alavancagem-ser/
"12/01/2024";"35636424000121";OSLO VI;https://www.statkraft.com.br/relacoes-com-investidores/servicos-aos-investidores/fator-de-alavancagem/
"17/11/2023";"23037463000123";VENTOS DE SAO CIRO;https://www.aurenenergia.com.br/
"17/11/2023";"35655205000190";TANQUE NOVO IV;https://cgnbe.com.br/fator-de-alavancagem/
"21/11/2023";"20675180000119";SANTO AGOSTINHO 5 PIE I5 NESP;https://www.engie.com.br/atividades/comercializacao-de-energia/
"17/02/2025";"32618447000620";GRID ENERGIA GO;https://gridenergia.com.br/fator-de-alavancagem/
"17/11/2023";"23399563000108";NOVA OLINDA SUL;https://cgnbe.com.br/fator-de-alavancagem/
"15/03/2024";"14578002000177";UTE PARNAIB II;https://eneva.com.br/monitoramento-prudencial/
"22/11/2024";"01672223000168";CDSA;https://enelcomercializadora.com.br/pt/quem-somos
"13/12/2023";"19560839000102";ITAREMA III;https://simpleenergy.com.br/fator-de-alavancagem/
"17/11/2023";"15743124000134";AGUA CLARA;https://docs.google.com/spreadsheets/d/e/2PACX-1vQPw9AkiwLACn4m9BwL6jk6D0PETvdBaWr439rzJgcqRcmFVHXdImquksqpPTcCvwHwPt-31F106c8z/pubhtml
"23/11/2023";"09294881000175";MINERACAO NACIONAL;https://www.csn.com.br/documentos-regulatorios-da-ceee-geracao/
"21/11/2023";"08976022000101";CEE;https://www.engie.com.br/atividades/comercializacao-de-energia/
"09/02/2024";"04856747000105";MOINHO BALESTRIN;https://copelmercadolivre.com/monitoramento-prudencial/
"22/11/2023";"18734168000196";BIO MARACAI;https://energia.raizen.com.br/mercado-livre
"19/11/2024";"10288461000165";EOL EMBUACA;https://www.aurenenergia.com.br/
"22/11/2024";"25289215000103";EGP SANTA ANGELA 06;https://enelcomercializadora.com.br/pt/quem-somos
"22/11/2024";"29300841000104";EGP SAO GONCALO 4;https://enelcomercializadora.com.br/pt/quem-somos
"16/11/2023";"12620297000177";CPFL SOLAR I;https://www.grupocpfl.com.br/unidades-de-negocios/fator-alavancagem
"22/11/2024";"31594065000136";EGP VENTOS SAO ROQUE 17;https://enelcomercializadora.com.br/pt/quem-somos
"17/11/2023";"02301444000192";PCH MONTE BELO;https://app.powerbi.com/view?r=eyJrIjoiNjNmMTI4ZmEtOGRjOS00YzhkLWI5ZDYtN2RmMjJhMmEyZmI2IiwidCI6IjcxZTE0OTYwLWRkMzEtNDQ2NS1iMmYyLTU2YWJhZGZiMTAwOCJ9
"17/11/2023";"30567559000169";ALEX X;https://www.elera.com/transparencia/
"15/02/2024";"23476033000108";OBRAMAX;https://www.voltalia.com/pt-pt/comercializadora
"17/11/2023";"05352237000155";ECOM;https://ecomenergia.com.br/blog/divulgacao-semanal-monitoramento-prudencial/
"17/11/2023";"12773991000124";PARAZINHO;https://www.echoenergia.com.br/monitoramento-prudencial-rs567
"11/01/2024";"35040621000183";MORRO BRANCO II;https://www.brennandinvestimentos.com.br/transparencia/fator-de-alavancagem/
"22/08/2025";"41824548000133";NOVO ORIENTE SOLAR VI;https://www.edp.com/pt-br/america-do-sul/brasil/o-que-fazemos/geracao-energia/fator-de-alavancagem
"22/11/2024";"21599114000170";EOL DELFINA E;https://enelcomercializadora.com.br/pt/quem-somos
"19/11/2024";"36957823000157";VENTOS DE SAO RICARDO 03;https://www.aurenenergia.com.br/
"01/12/2023";"36312056000552";CBF;https://grupoferroeste.com.br/
"16/11/2023";"71324784000151";USINA SANTO ANTONIO;https://www.canaverde.com.br/
"17/11/2023";"10604614000136";OCA DO ACAI CL 514;https://ocadoacai.com.br/
"17/11/2023";"22686328000146";BARRA GRANDE PART;
"17/11/2023";"37381026000137";JANAUBA XVI;https://www.elera.com/transparencia/
"21/11/2023";"30306294000145";BANCO BTG PACTUAL;https://www.btgpactual.com/investment-banking/sales-and-trading/comercializacao-de-energia
"17/11/2023";"16881198000108";HELIOS ENERGIA;https://www.echoenergia.com.br/monitoramento-prudencial-rs567
"22/11/2024";"42046559000100";EGP PEDRA PINTADA A;https://enelcomercializadora.com.br/pt/quem-somos
"30/11/2023";"06308734000119";RIO SAPUCAIM I5;https://ri.ctgbr.com.br/governanca-corporativa/monitoramento-prudencial/
"22/11/2024";"31216345000100";EGP CUMARU 02;https://enelcomercializadora.com.br/pt/quem-somos
"15/03/2024";"33427680000183";FC THREE;https://eneva.com.br/monitoramento-prudencial/
"04/03/2024";"37427699000180";UFV XAXADO 2;https://recurrentenergy.com/compliance/brazil/
"22/11/2024";"32829695000105";EGP TACAICO II;https://enelcomercializadora.com.br/pt/quem-somos
"09/02/2024";"78956968001740";COCARI FIACAO CONVENCIONAL;https://copelmercadolivre.com/monitoramento-prudencial/
"17/11/2023";"34043685000175";VES 3;https://www.echoenergia.com.br/monitoramento-prudencial-rs567
"22/08/2025";"47034271000121";SDO III I5;https://www.edp.com/pt-br/america-do-sul/brasil/o-que-fazemos/geracao-energia/fator-de-alavancagem
"07/08/2025";"47148872000165";EOL SERRA DO ASSURUA 21 APE;https://www.engie.com.br/atividades/comercializacao-de-energia/
"07/08/2025";"45277228000161";UFV ASSU SOL 6 PIE;https://www.engie.com.br/atividades/comercializacao-de-energia/
"13/05/2024";"33611500000119";GSA;https://www2.gerdau.com.br/certificados-de-qualidade-e-documentos/
"09/11/2023";"12959267000190";EOLOS;https://ibituenergia.com/ccee/
"23/11/2023";"01964081000102";CSSC;https://www.csn.com.br/documentos-regulatorios-da-ceee-geracao/
"09/02/2024";"00890837000153";LEPLAST;https://copelmercadolivre.com/monitoramento-prudencial/
"07/08/2025";"45176061000142";UFV ASSU SOL 13 PIE;https://www.engie.com.br/atividades/comercializacao-de-energia/
"16/11/2023";"11352989000119";CPFL BIOFORMOSA;https://www.grupocpfl.com.br/unidades-de-negocios/fator-alavancagem
"17/02/2025";"32618447000115";B2R ENERGIA;https://gridenergia.com.br/fator-de-alavancagem/
"07/08/2025";"45175848000190";UFV ASSU SOL 16 PIE;https://www.engie.com.br/atividades/comercializacao-de-energia/
"22/11/2024";"32829774000116";EGP PAU FERRO II;https://enelcomercializadora.com.br/pt/quem-somos
"22/11/2024";"42629327000177";EGP ARINOS 23;https://enelcomercializadora.com.br/pt/quem-somos
"22/11/2024";"21553603000190";EOL DELFINA C;https://enelcomercializadora.com.br/pt/quem-somos
"17/11/2023";"19729992000110";VERDE 08;https://ri.alupar.com.br/outras-informacoes/central-de-downloads/
"17/11/2023";"02193012000105";VENOSAN;https://www.venosan.com.br/
"23/11/2023";"01355994000121";ITASA;https://www.csn.com.br/documentos-regulatorios-da-ceee-geracao/
"17/11/2023";"33069063000153";ELETRAM GERADOR;https://grupoamper.com.br/o-grupo/geracao-de-energia
"22/11/2024";"29552605000177";EGP SANTA ANGELA 19;https://enelcomercializadora.com.br/pt/quem-somos
"17/11/2023";"11252642001680";TROMBEMB FOZ JORDAO;http://www.trombini.com.br
"09/02/2024";"29302357000106";SRMN II;https://copelmercadolivre.com/monitoramento-prudencial/
"17/11/2023";"04237975000199";CERAN;https://ceran.com.br/
"17/11/2023";"33511191000105";EOL ANG II;https://www.brasil.qair.energy/projetos/rio-grande-do-norte/afonso-bezerra/fator-de-alavancagem-afb/
"23/11/2023";"85937316000167";CEESAM GER;http://grupoceesam.com.br/area-de-downloads/category/10-fator-de-alavancagem
"22/11/2024";"21996671000124";BOA VISTA;https://enelcomercializadora.com.br/pt/quem-somos
"19/11/2024";"36230329000196";TUCANO F7 GERACAO;https://www.aurenenergia.com.br/
"17/11/2023";"37995403000128";UFV JAÍBA CN;https://www.aurenenergia.com.br/
"22/11/2024";"38094930000124";EGP AROEIRA 01;https://enelcomercializadora.com.br/pt/quem-somos
"17/11/2023";"09188703000160";EMBAUBA;https://paineirapar.com.br/ccee-fa/
"22/11/2024";"16993629000110";CABECA DE BOI;https://enelcomercializadora.com.br/pt/quem-somos
"09/02/2024";"32116582000162";BELA VISTA;https://copelmercadolivre.com/monitoramento-prudencial/
"11/01/2024";"07512519000106";PAMPEANA;https://www.brennandinvestimentos.com.br/transparencia/fator-de-alavancagem/
"17/11/2023";"03445208000102";UMOE BIOENERGY;https://umoebioenergy.com/
"24/11/2023";"62773031000132";GRAFICA HAWAII;https://www.hawaiigrafica.com.br/
"08/12/2023";"09029666000147";JIRAU;https://www.jirauenergia.com.br/comercializacao/
"09/02/2024";"28946365000122";AVENTURA V;https://copelmercadolivre.com/monitoramento-prudencial/
"16/11/2023";"32312466000119";INDRA ENERGIA;https://indraenergia.com/fator-de-alavancagem/
"07/08/2025";"31414665000175";LAR DO SOL III;https://www.engie.com.br/atividades/comercializacao-de-energia/
"22/08/2025";"41824567000160";NOVO ORIENTE SOLAR IV;https://www.edp.com/pt-br/america-do-sul/brasil/o-que-fazemos/geracao-energia/fator-de-alavancagem
"17/11/2023";"30062989000129";VENTOS ARAPUA 3;https://www.neoenergia.com/web/produtos-e-solucoes/fator-de-alavancagem
"17/11/2023";"30039714000174";VENTOS ARAPUA 1;https://www.neoenergia.com/web/produtos-e-solucoes/fator-de-alavancagem
"07/11/2023";"07642982000164";QUANTA GERACAO;https://quantageracao.com.br/
"17/11/2023";"29845733000109";VENTOS DE SANTA SOFIA;https://casadosventos.com.br/monitoramento-prudencial
"12/01/2024";"08207876000115";ENERGEN;https://www.statkraft.com.br/relacoes-com-investidores/servicos-aos-investidores/fator-de-alavancagem/
"09/02/2024";"35823536000191";JANDAIRA III;https://copelmercadolivre.com/monitoramento-prudencial/
"15/02/2024";"35835582000100";SOL SERRA DO MEL I;https://www.voltalia.com/pt-pt/comercializadora
"15/02/2024";"15394399000100";CARCARA II;https://www.voltalia.com/pt-pt/comercializadora
"22/11/2023";"46696539000128";ZUR ENERGIA;https://mezenergia.com/comercializacao/
"17/11/2023";"42773752000135";VENTOS DE SANTA PRISCILA;https://casadosventos.com.br/monitoramento-prudencial
"17/11/2023";"33268331000166";EAP I;https://ri.alupar.com.br/outras-informacoes/central-de-downloads/
"17/11/2023";"30567615000165";ALEX IV;https://www.elera.com/transparencia/
"16/11/2023";"06315338000119";COFCO BRASIL;https://br.cofcointernational.com/
"15/03/2024";"08219477000174";DIF EMPREEND;https://eneva.com.br/monitoramento-prudencial/
"24/11/2023";"12706289000148";USINA SERRA GRANDE PI;https://usinaserragrande.com.br/fator-alavancagem
"15/02/2024";"14535594000140";CARCARA I;https://www.voltalia.com/pt-pt/comercializadora
"19/02/2024";"21265165000165";PEV;https://pacificoenergia.com.br/#seguranca-mercado
"22/08/2025";"50396872000199";ITA III I5;https://www.edp.com/pt-br/america-do-sul/brasil/o-que-fazemos/geracao-energia/fator-de-alavancagem
"17/11/2023";"12009141000154";SANTO INACIO III;https://ri.aliancaenergia.com.br/alianca/monitoramento-prudencial-ccee/
"17/11/2023";"01047465000160";TOPAZIO;https://grupotopazio.com/
"22/11/2024";"42627021000181";EGP ARINOS 16;https://enelcomercializadora.com.br/pt/quem-somos
"17/11/2023";"32398764000173";EOL SERROTE_VI;https://www.brasil.qair.energy/projetos/ceara/complexo-ser/fator-de-alavancagem-ser/
"27/03/2024";"35224835000100";LUDFOR PARTICIPACOES;https://www.ludfor.com.br/#monitoramento
"09/02/2024";"29302365000152";AVENTURA III;https://copelmercadolivre.com/monitoramento-prudencial/
"17/11/2023";"11150969000165";VERDE 4A;https://www.elera.com/transparencia/
"17/11/2023";"03780401000108";ELERAC;https://www.elera.com/transparencia/
"22/11/2024";"17832065000104";SALTO APIACAS;https://enelcomercializadora.com.br/pt/quem-somos
"23/11/2023";"04739936000190";CEMIG PCH;https://www.cemig.com.br/monitoramento-prudencial/
"16/11/2023";"07091059000181";CPFL MACACOS;https://www.grupocpfl.com.br/unidades-de-negocios/fator-alavancagem
"17/11/2023";"21013968000122";SAO CLEMENTE VI;https://www.echoenergia.com.br/monitoramento-prudencial-rs567
"22/11/2024";"29711106000185";EGP SAO GONCALO 12;https://enelcomercializadora.com.br/pt/quem-somos
"16/11/2023";"14570839000170";TEIU;https://app.powerbi.com/view?r=eyJrIjoiNTZmOWQ0YTUtM2FkNC00MzcyLWI2NTctMTZlZGUyZWYxMWI0IiwidCI6IjcxZTE0OTYwLWRkMzEtNDQ2NS1iMmYyLTU2YWJhZGZiMTAwOCJ9
"17/11/2023";"27690671000188";THERA TRADING;https://www.theratrading.com.br/about-7
"17/11/2023";"29845721000184";VENTOS DE SANTO ARTUR;https://casadosventos.com.br/monitoramento-prudencial
"22/11/2024";"42629028000132";EGP ARINOS 22;https://enelcomercializadora.com.br/pt/quem-somos
"17/11/2023";"49972326000170";BPBIOENERGY MOE;http://bpbunge.com.br
"07/08/2025";"24358177000122";JUAZEIRO SOLAR III;https://www.engie.com.br/atividades/comercializacao-de-energia/
"09/02/2024";"21216925000144";EOL SAO MIGUEL II;https://copelmercadolivre.com/monitoramento-prudencial/
"11/01/2024";"12710327000136";SETE GAMELEIRA;https://www.brennandenergia.com.br/transparencia/fator-de-alavancagem/
"23/05/2024";"26462706000169";SPE PICADA;https://www.pollarix.com.br/
"16/11/2023";"12235807000192";CPFL BIOCOOPCANA;https://www.grupocpfl.com.br/unidades-de-negocios/fator-alavancagem
"22/11/2024";"31594049000143";EGP VENTOS SAO ROQUE 01;https://enelcomercializadora.com.br/pt/quem-somos
"17/11/2023";"29401264000139";VLRN 1;https://www.echoenergia.com.br/monitoramento-prudencial-rs567
"17/11/2023";"21480086000177";VENTOS DE SAO VIRGILIO 02;https://www.aurenenergia.com.br/
"19/11/2024";"11201885000103";UEE AMETISTA;https://www.aurenenergia.com.br/
"19/11/2024";"11637104000128";RDV 3;https://www.aurenenergia.com.br/
"22/11/2024";"31752283000151";EGP SAO GONCALO 15;https://enelcomercializadora.com.br/pt/quem-somos
"17/11/2023";"38350307000195";ANEMUS WIND 3;https://2wecobank.com.br/fator-de-alavancagem/
"21/11/2023";"31345569000112";LAR DO SOL V;https://www.atlasrenewableenergy.com/pt-br/
"11/01/2024";"33295664000184";UMBURANA DE CHEIRO;https://www.brennandinvestimentos.com.br/transparencia/fator-de-alavancagem/
"21/08/2024";"10677244000167";CRELUZ;
"17/11/2023";"29929958000143";FATOR ENERGIA;https://gencoenergia.com.br/genco/#fator-alavancagem
"16/02/2024";"42066785000145";MARANGATU 2;https://www.spicbrasil.com.br/mercado-livre-de-energia/
"17/11/2023";"14676003000154";VENTOS STO AUGUSTO VIII;https://www.aurenenergia.com.br/
"16/11/2023";"14205729000109";CPFL BIOESTER;https://www.grupocpfl.com.br/unidades-de-negocios/fator-alavancagem
"12/01/2024";"31231701000165";JERUSALEM III;https://www.statkraft.com.br/relacoes-com-investidores/servicos-aos-investidores/fator-de-alavancagem/
"21/11/2023";"28942127000149";UHE MIRANDA;https://www.engie.com.br/atividades/comercializacao-de-energia/
"19/11/2024";"36952007000150";VENTOS DE SANTA TEREZA 01;https://www.aurenenergia.com.br/
"22/11/2024";"14422483000127";EGP GERONIMO;https://enelcomercializadora.com.br/pt/quem-somos
"17/11/2023";"42538271000145";VENTOS DE SAO CANUTO IV;https://casadosventos.com.br/monitoramento-prudencial
"17/11/2023";"21909399000106";PEDRA RAJADA II;https://www.echoenergia.com.br/monitoramento-prudencial-rs567
"30/11/2023";"11696857000104";SERVENG COMERCIALIZADORA;http://www.gruposerveng.com.br/alavancagem
"13/03/2025";"07005330000119";DO ATLANTICO;https://br.ternium.com/pt/sustentabilidade/meio-ambiente-e-eficiencia-energetica
"16/11/2023";"11686100000130";CPFL MORRO DOS VENTOS III;https://www.grupocpfl.com.br/unidades-de-negocios/fator-alavancagem
"19/11/2024";"35636816000190";TUCANO F1 GERACAO;https://www.aurenenergia.com.br/
"17/11/2023";"35874355000194";VENTOS DE SAO JOAQUIM;https://casadosventos.com.br/monitoramento-prudencial
"24/11/2023";"22357375000146";ESV V;https://pecenergia.sharepoint.com/:f:/r/sites/Externo/Engeform%20Energia/Fator%20de%20Alavancagem?csf=1&web=1&e=mjATnz
"23/05/2024";"04755710000182";POLLARIX;https://www.pollarix.com.br/
"17/11/2023";"32398761000130";EOL SERROTE_V;https://www.brasil.qair.energy/projetos/ceara/complexo-ser/fator-de-alavancagem-ser/
"17/11/2023";"14604100000131";PARAISO;https://www.echoenergia.com.br/monitoramento-prudencial-rs567
"16/11/2023";"06340397000147";CPFL NOVO HORIZONTE;https://www.grupocpfl.com.br/unidades-de-negocios/fator-alavancagem
"22/11/2024";"17018327000193";FAZENDA;https://enelcomercializadora.com.br/pt/quem-somos
"22/11/2024";"23842022000102";MOURAO CONV;https://enelcomercializadora.com.br/pt/quem-somos
"09/02/2024";"12723413000183";BOAVISTA;https://copelmercadolivre.com/monitoramento-prudencial/
"17/11/2023";"38246958000130";UNIGEL COMERCIALIZADORA;https://www.unigel.com.br/
"09/02/2024";"10828619000142";SUPERMERCADO TONHAO;https://copelmercadolivre.com/monitoramento-prudencial/
"17/11/2023";"39579299000116";JR SUL;https://www.centralenergia.com/centro-de-inovacao-e-seguranca/
"25/06/2024";"24286195000146";CEMIG GERA CAMARGOS CONV;https://www.cemig.com.br/monitoramento-prudencial
"17/11/2023";"19896691000181";STA VITORIA PALMAR VII;https://cgnbe.com.br/fator-de-alavancagem/
"17/11/2023";"10403719000470";ABM TRADING;https://www.abmtrading.com.br/mercado-livre-de-energia
"17/11/2023";"05625671000161";RSE GER;https://docs.google.com/spreadsheets/d/e/2PACX-1vQPw9AkiwLACn4m9BwL6jk6D0PETvdBaWr439rzJgcqRcmFVHXdImquksqpPTcCvwHwPt-31F106c8z/pubhtml
"17/11/2023";"23037357000140";VENTOS DE SANTA ALBERTINA;https://www.aurenenergia.com.br/
"17/11/2023";"40594268000113";DELTA FUND V;https://www.deltaenergia.com.br/
"15/02/2024";"15394357000179";TERRAL;https://www.voltalia.com/pt-pt/comercializadora
"09/02/2024";"30486147000102";SRMN V;https://copelmercadolivre.com/monitoramento-prudencial/
"17/11/2023";"11619268000122";EOL FAISA I;https://www.elera.com/transparencia/
"09/02/2024";"21216439000126";EOL SAO MIGUEL III;https://copelmercadolivre.com/monitoramento-prudencial/
"15/12/2023";"41251138000140";UFV JAÍBA L2;https://www.aurenenergia.com.br/
"10/11/2023";"13700609000115";BOLT;https://boltenergy.com.br/fatores-alavancagem/
"30/04/2024";"24648754000110";OH SOBRADO;https://www.protonenergy.com.br/fator
"19/02/2024";"31190337000132";JERUSALEM VI;https://www.statkraft.com.br/relacoes-com-investidores/servicos-aos-investidores/fator-de-alavancagem/
"22/08/2025";"50396932000173";SDO V I5;https://www.edp.com/pt-br/america-do-sul/brasil/o-que-fazemos/geracao-energia/fator-de-alavancagem
"22/11/2024";"14422996000138";EGP EMILIANA;https://enelcomercializadora.com.br/pt/quem-somos
"17/11/2023";"17386017000121";ZETA ENERGIA;https://www.deltaenergia.com.br/
"07/08/2025";"24168509000106";JUAZEIRO SOLAR IV;https://www.engie.com.br/atividades/comercializacao-de-energia/
"22/11/2023";"07882964000150";BIO INSTINTO;
"12/01/2024";"00622416000141";STATKRAFT G;https://www.statkraft.com.br/relacoes-com-investidores/servicos-aos-investidores/fator-de-alavancagem/
"17/11/2023";"12831777000187";ELERA RE I;https://www.elera.com/transparencia/
"16/11/2023";"09076938000160";CPFL CORRENTE GRANDE;https://www.grupocpfl.com.br/unidades-de-negocios/fator-alavancagem
"21/11/2023";"08791234000106";FERRARI TERMO;https://www.engie.com.br/atividades/comercializacao-de-energia/
"21/11/2023";"34742964000127";UFV JUAZEIRO 5;https://www.atlasrenewableenergy.com/pt-br/
"22/11/2023";"15527906000136";RAIZEN CS RIO BRILHANTE;https://energia.raizen.com.br/mercado-livre
"17/11/2023";"21951779000109";LAGOA DO BARRO I;https://cgnbe.com.br/fator-de-alavancagem/
"19/11/2024";"17875103000106";VENTOS DE SANTA BRIGIDA V;https://www.aurenenergia.com.br/
"28/11/2023";"26562346000177";THOPEN;https://www.rzkenergia.com.br/
"09/02/2024";"21909793000136";EOL MARIA HELENA;https://copelmercadolivre.com/monitoramento-prudencial/
"22/11/2024";"29552609000155";EGP SANTA ESPERANCA 15;https://enelcomercializadora.com.br/pt/quem-somos
"21/11/2023";"34751530000193";UFV JUAZEIRO 7;https://www.atlasrenewableenergy.com/pt-br/
"04/03/2024";"35306327000170";LAVRAS 6 I5;https://recurrentenergy.com/compliance/brazil/
"17/11/2023";"68316801000102";UTE RIO VERMEL;https://www.viterra.com.br/
"17/11/2023";"30567543000156";ALEX VI;https://www.elera.com/transparencia/
"24/11/2023";"43338170000274";DNA ENERGIA RS;https://www.dnacomercializadora.com.br/monitoramento-ccee
"08/12/2023";"42073799000196";PANATI 3;https://www.spicbrasil.com.br/mercado-livre-de-energia/
"04/03/2024";"30822139000181";FRANCISCO SA 1 - I5;
"16/11/2023";"08933597000139";CPFL PAIOL;https://www.grupocpfl.com.br/unidades-de-negocios/fator-alavancagem
"22/11/2024";"38090834000108";EGP AROEIRA 07;https://enelcomercializadora.com.br/pt/quem-somos
"17/11/2023";"35859036000100";VENTOS DE SAO LUIS;https://casadosventos.com.br/monitoramento-prudencial
"17/11/2023";"34211894000180";OITIS 8;https://www.neoenergia.com/web/produtos-e-solucoes/fator-de-alavancagem
"17/11/2023";"04856326000176";PCH ANGELO;https://app.powerbi.com/view?r=eyJrIjoiNjNmMTI4ZmEtOGRjOS00YzhkLWI5ZDYtN2RmMjJhMmEyZmI2IiwidCI6IjcxZTE0OTYwLWRkMzEtNDQ2NS1iMmYyLTU2YWJhZGZiMTAwOCJ9
"21/12/2023";"45991644000127";SOL DE TIBAU M I;https://scatec.com/locations/brazil/#mendubim-brazil-530-mw
"21/11/2023";"31345445000137";LAR DO SOL IV;https://www.atlasrenewableenergy.com/pt-br/
"21/12/2023";"02691745000170";TRADENER;https://tradener.com.br/2023/12/18/divulgacao-tradener-fator-de-alavancagem/
"21/11/2023";"23741570000138";ENGIE SOLAR FLORESTA I;https://www.engie.com.br/atividades/comercializacao-de-energia/
"17/11/2023";"61082962000474";UTE NOVA LONDRINA;http://www.cmnp.com.br 
"16/11/2023";"03543379000174";VETORIAL;http://www.vetorial.com.br
"23/11/2023";"34941337000115";ÁGUAS DA SERRA;http://grupoceesam.com.br/area-de-downloads/category/10-fator-de-alavancagem
"09/02/2024";"19125927000186";COPEL COM;https://copelmercadolivre.com/monitoramento-prudencial/
"15/02/2024";"39702802000189";SOL SERRA DO MEL III;https://www.voltalia.com/pt-pt/comercializadora
"17/11/2023";"23037337000179";VENTOS DE SANTO ALFREDO;https://www.aurenenergia.com.br/
"27/09/2024";"23520790000131";EQUATORIAL COMERCIALIZADORA;https://www.echoenergia.com.br/monitoramento-prudencial-rs567
"17/11/2023";"34211180000172";OITIS 22 I50;https://www.neoenergia.com/web/produtos-e-solucoes/fator-de-alavancagem
"22/11/2024";"29641225000109";EGP SANTA ESPERANCA 8;https://enelcomercializadora.com.br/pt/quem-somos
"19/11/2024";"19022974000102";VENTOS DE SANTO ONOFRE II;https://www.aurenenergia.com.br/
"18/10/2024";"15328709000198";VENTOS DE SANTO ANTONIO COM;https://casadosventos.com.br/monitoramento-prudencial
"15/12/2023";"37995524000170";UFV JAÍBA S;https://www.aurenenergia.com.br/
"17/11/2023";"04802543000183";DELTA ENERGIA;https://www.deltaenergia.com.br/
"24/11/2023";"28228040000104";ESV VIII;https://pecenergia.sharepoint.com/:f:/r/sites/Externo/Engeform%20Energia/Fator%20de%20Alavancagem?csf=1&web=1&e=mjATnz
"04/03/2024";"37427693000103";UFV XAXADO 1;https://recurrentenergy.com/compliance/brazil/
"10/11/2023";"27352303000120";UHE SAO SIMAO;https://www.spicbrasil.com.br/mercado-livre-de-energia/
"22/11/2024";"25176404000161";EGP SAO GONCALO 1;https://enelcomercializadora.com.br/pt/quem-somos
"24/11/2023";"75717355000286";USA PARANACITY;https://www.usacucar.com.br/
"16/11/2023";"13329931000180";CPFL VENTOS DE SANTO DIMAS;https://www.grupocpfl.com.br/unidades-de-negocios/fator-alavancagem
"17/11/2023";"32326077000142";EOL SERRA DO MATO II;https://www.brasil.qair.energy/projetos/ceara/serradomato/fator-de-alavancagem-sdm/
"21/11/2023";"09265464000102";EOLICA ESTRELA;https://www.engie.com.br/atividades/comercializacao-de-energia/
"09/02/2024";"21917808000108";EOL CUTIA;https://copelmercadolivre.com/monitoramento-prudencial/
"17/11/2023";"17858631000149";MATRIX COM;https://matrixenergia.com/fator-de-alavancagem
"22/11/2023";"07390807000127";UTE TAMBAQUI;https://www.breitener.com.br/
"22/08/2025";"41825337000115";NOVO ORIENTE SOLAR III;https://www.edp.com/pt-br/america-do-sul/brasil/o-que-fazemos/geracao-energia/fator-de-alavancagem
"21/11/2023";"20168788000157";UMBURANAS 23;https://www.engie.com.br/atividades/comercializacao-de-energia/
"17/11/2023";"13346056000144";VENTOS DE SANTO ELOY;https://casadosventos.com.br/monitoramento-prudencial
"15/03/2024";"37349910000194";SPE FUTURA_5;https://eneva.com.br/monitoramento-prudencial/
"19/11/2024";"11201767000103";UEE CAETITE;https://www.aurenenergia.com.br/
"09/02/2024";"21957968000180";EOL POTIGUAR;https://copelmercadolivre.com/monitoramento-prudencial/
"09/11/2023";"10656583000167";EOLOS-RIB;https://ibituenergia.com/ccee/
"09/02/2024";"34109229000180";EOL VILA MATO GROSSO I;https://copelmercadolivre.com/monitoramento-prudencial/
"21/11/2023";"27932761000138";DANTRY;https://dantry.com.br/canal-de-divulgacao-do-fator-de-alavancagem/
"24/11/2023";"55473763000141";PLASTICOS ZANOLI;https://zanoli.com.br/
"10/04/2025";"28503205000109";MERCURIA ENERGIA;
"10/11/2023";"10902268000172";CATACARAU;https://partnerservices.com.br/gestao-de-usinas-e-geradores/
"17/11/2023";"34238187000188";OITIS 2 I50;https://www.neoenergia.com/web/produtos-e-solucoes/fator-de-alavancagem
"30/04/2024";"23881499000199";ANGICO;https://www.protonenergy.com.br/fator
"17/11/2023";"17613280000106";EOL FORMOSO I;https://cgnbe.com.br/fator-de-alavancagem/
"17/11/2023";"39372597000130";EOL SERIDO II;https://www.elera.com/transparencia/
"23/11/2023";"08963419000150";COFCO AGRI;https://br.cofcointernational.com/
"22/11/2024";"25289246000156";EGP SANTA ANGELA 04;https://enelcomercializadora.com.br/pt/quem-somos
"21/11/2023";"17878526000171";CAMPO LARGO XXI;https://www.engie.com.br/atividades/comercializacao-de-energia/
"29/11/2023";"03475839000174";ROSAL;https://www.cemig.com.br/monitoramento-prudencial/
"09/02/2024";"76900463000171";RISOTOLANDIA;https://copelmercadolivre.com/monitoramento-prudencial/
"17/11/2023";"35655028000141";TANQUE NOVO VI;https://cgnbe.com.br/fator-de-alavancagem/
"09/02/2024";"77424992000290";AGUATIVA;https://copelmercadolivre.com/monitoramento-prudencial/
"17/11/2023";"23793827000103";GRAVIER;https://ri.aliancaenergia.com.br/alianca/monitoramento-prudencial-ccee/
"22/11/2024";"21869008000169";MORRO DO CHAPEU II;https://enelcomercializadora.com.br/pt/quem-somos
"12/01/2024";"30798864000161";JERUSALEM II;https://www.statkraft.com.br/relacoes-com-investidores/servicos-aos-investidores/fator-de-alavancagem/
"13/12/2023";"33471379000177";CAETITE E;https://simpleenergy.com.br/fator-de-alavancagem/
"09/02/2024";"81671125000145";PEDREIRA EXPRESSA;https://copelmercadolivre.com/monitoramento-prudencial/
"16/11/2023";"12809025000381";PRIME ENERGY - ITAJUBÁ;https://www.primeenergy.com.br/seguranca-de-mercado/
"19/11/2024";"43721023000106";AGV VII;https://www.aurenenergia.com.br/
"09/11/2023";"10656606000133";CAICARA CENTRAL EOLICA;https://ibituenergia.com/ccee/
"22/11/2024";"17018370000159";EGP DOIS RIACHOS;https://enelcomercializadora.com.br/pt/quem-somos
"09/02/2024";"77215606000179";ARAPLAC;https://copelmercadolivre.com/monitoramento-prudencial/
"09/02/2024";"76881093000172";TROX;https://copelmercadolivre.com/monitoramento-prudencial/
"07/08/2025";"47148857000117";EOL SERRA DO ASSURUA 18 APE;https://www.engie.com.br/atividades/comercializacao-de-energia/
"16/11/2023";"15207271000190";CPFL MORRO DOS VENTOS II;https://www.grupocpfl.com.br/unidades-de-negocios/fator-alavancagem
"17/11/2023";"30321925000103";VLSE 2;https://www.echoenergia.com.br/monitoramento-prudencial-rs567
"12/01/2024";"35636427000165";OSLO V;https://www.statkraft.com.br/relacoes-com-investidores/servicos-aos-investidores/fator-de-alavancagem/
"17/11/2023";"14180940000114";UTE VIST ALEG I;https://www.elera.com/transparencia/
"16/11/2023";"54470679000101";USINA BATATAIS;https://www.usinabatatais.com.br/
"17/11/2023";"32398765000118";EOL SERROTE_VIII;https://www.brasil.qair.energy/projetos/ceara/complexo-ser/fator-de-alavancagem-ser/
"09/02/2024";"07685501000106";C CE IVO AGRICOLA;https://copelmercadolivre.com/monitoramento-prudencial/
"22/11/2023";"15682436000185";CONDOMINIO MEDIC LIFE;https://www.mediclifealphaville.com.br/
"13/12/2023";"19560074000100";ITAREMA II;https://simpleenergy.com.br/fator-de-alavancagem/
"22/08/2025";"31469852000156";PEREIRA BARRETO IV;https://www.edp.com/pt-br/america-do-sul/brasil/o-que-fazemos/geracao-energia/fator-de-alavancagem
"22/08/2025";"31199538000109";EOL MONTE VERDE VI CONV;https://www.edp.com/pt-br/america-do-sul/brasil/o-que-fazemos/geracao-energia/fator-de-alavancagem
"23/11/2023";"32741935000115";VEKTOR;https://vektorenergia.com.br/
"17/11/2023";"10403719000127";ABM MATRIZ;https://www.abmtrading.com.br/mercado-livre-de-energia
"22/11/2023";"18753157000153";BIO GASA;https://energia.raizen.com.br/mercado-livre
"06/11/2023";"31781135000165";ITAU COM;https://www.itau.com.br/itaubba-pt/o-que-fazemos/comercializacao-energia
"13/12/2023";"24263312000156";SERRA BABILONIA X;https://simpleenergy.com.br/fator-de-alavancagem/
"22/11/2023";"07378783000190";SERRA AZUL;https://www.carmelofior.com.br/
"10/10/2024";"41675130000101";ASOLO2;https://www.bsabioenergia.com.br/asoloenergia/
"10/04/2025";"48223414000106";PE ENERGIA SPE;
"24/01/2024";"02358783000105";CONSTANTA;https://www.lampo.com.br/
"21/11/2023";"07032076000148";FUNDIMISA RS;
"16/02/2024";"25369840000157";COMERC PART;https://www.comerc.com.br/monitoramento-prudencial
"07/11/2023";"32656426000194";GWA COM;https://materiais.novaenergia.com.br/wp-content/uploads/2023/11/GWA.pdf
"23/11/2023";"38282487000115";CIME - ARCOS;https://www.csn.com.br/documentos-regulatorios-da-ceee-geracao/
